isbn,site,url,titulo,amazon_search_url
2111700102838,,,,https://www.amazon.com/s?k=2111700102838&i=stripbooks
2160400201433,,,,https://www.amazon.com/s?k=2160400201433&i=stripbooks
2160400201440,,,,https://www.amazon.com/s?k=2160400201440&i=stripbooks
2160400201464,,,,https://www.amazon.com/s?k=2160400201464&i=stripbooks
2180400161445,,,,https://www.amazon.com/s?k=2180400161445&i=stripbooks
2180400180767,,,,https://www.amazon.com/s?k=2180400180767&i=stripbooks
2180400181689,,,,https://www.amazon.com/s?k=2180400181689&i=stripbooks
2180400181870,,,,https://www.amazon.com/s?k=2180400181870&i=stripbooks
2180400203138,,,,https://www.amazon.com/s?k=2180400203138&i=stripbooks
2180400203343,,,,https://www.amazon.com/s?k=2180400203343&i=stripbooks
2180400203572,,,,https://www.amazon.com/s?k=2180400203572&i=stripbooks
2180400203800,,,,https://www.amazon.com/s?k=2180400203800&i=stripbooks
2180400204296,,,,https://www.amazon.com/s?k=2180400204296&i=stripbooks
3760195712481,,,,https://www.amazon.com/s?k=3760195712481&i=stripbooks
5060213019133,,,,https://www.amazon.com/s?k=5060213019133&i=stripbooks
6014416991955,,,,https://www.amazon.com/s?k=6014416991955&i=stripbooks
6933256637741,,,,https://www.amazon.com/s?k=6933256637741&i=stripbooks
7754111020435,,,,https://www.amazon.com/s?k=7754111020435&i=stripbooks
7754111030984,,,,https://www.amazon.com/s?k=7754111030984&i=stripbooks
7754111557511,,,,https://www.amazon.com/s?k=7754111557511&i=stripbooks
7754111557993,,,,https://www.amazon.com/s?k=7754111557993&i=stripbooks
7754111649285,,,,https://www.amazon.com/s?k=7754111649285&i=stripbooks
7798083705952,,,,https://www.amazon.com/s?k=7798083705952&i=stripbooks
7798083708786,,,,https://www.amazon.com/s?k=7798083708786&i=stripbooks
7798083708823,,,,https://www.amazon.com/s?k=7798083708823&i=stripbooks
7798083709271,,,,https://www.amazon.com/s?k=7798083709271&i=stripbooks
7798356618231,,,,https://www.amazon.com/s?k=7798356618231&i=stripbooks
7798356618255,,,,https://www.amazon.com/s?k=7798356618255&i=stripbooks
7799133007231,,,,https://www.amazon.com/s?k=7799133007231&i=stripbooks
7807202936174,,,,https://www.amazon.com/s?k=7807202936174&i=stripbooks
7807202936198,,,,https://www.amazon.com/s?k=7807202936198&i=stripbooks
7840090002026,,,,https://www.amazon.com/s?k=7840090002026&i=stripbooks
7891360152002,,,,https://www.amazon.com/s?k=7891360152002&i=stripbooks
7891360154815,,,,https://www.amazon.com/s?k=7891360154815&i=stripbooks
7891360490050,,,,https://www.amazon.com/s?k=7891360490050&i=stripbooks
7891360539353,,,,https://www.amazon.com/s?k=7891360539353&i=stripbooks
7891360583516,,,,https://www.amazon.com/s?k=7891360583516&i=stripbooks
7891360612650,,,,https://www.amazon.com/s?k=7891360612650&i=stripbooks
7891360635581,,,,https://www.amazon.com/s?k=7891360635581&i=stripbooks
7891360656227,,,,https://www.amazon.com/s?k=7891360656227&i=stripbooks
7891360662471,,,,https://www.amazon.com/s?k=7891360662471&i=stripbooks
7891360674634,,,,https://www.amazon.com/s?k=7891360674634&i=stripbooks
7891360674641,,,,https://www.amazon.com/s?k=7891360674641&i=stripbooks
7891360676263,,,,https://www.amazon.com/s?k=7891360676263&i=stripbooks
7891360740001,,,,https://www.amazon.com/s?k=7891360740001&i=stripbooks
7891360796411,,,,https://www.amazon.com/s?k=7891360796411&i=stripbooks
7908011753737,,,,https://www.amazon.com/s?k=7908011753737&i=stripbooks
8438051042809,,,,https://www.amazon.com/s?k=8438051042809&i=stripbooks
8607020240250,,,,https://www.amazon.com/s?k=8607020240250&i=stripbooks
8901180431511,,,,https://www.amazon.com/s?k=8901180431511&i=stripbooks
8901180431993,,,,https://www.amazon.com/s?k=8901180431993&i=stripbooks
8902023000390,,,,https://www.amazon.com/s?k=8902023000390&i=stripbooks
9190025014487,,,,https://www.amazon.com/s?k=9190025014487&i=stripbooks
9500726068,,,,https://www.amazon.com/s?k=9500726068&i=stripbooks
9506201773,,,,https://www.amazon.com/s?k=9506201773&i=stripbooks
9780008203917,,,,https://www.amazon.com/s?k=9780008203917&i=stripbooks
9780008239961,,,,https://www.amazon.com/s?k=9780008239961&i=stripbooks
9780008240035,,,,https://www.amazon.com/s?k=9780008240035&i=stripbooks
9780060256678,,,,https://www.amazon.com/s?k=9780060256678&i=stripbooks
9780060518509,,,,https://www.amazon.com/s?k=9780060518509&i=stripbooks
9780060934866,,,,https://www.amazon.com/s?k=9780060934866&i=stripbooks
9780060936228,,,,https://www.amazon.com/s?k=9780060936228&i=stripbooks
9780061702235,,,,https://www.amazon.com/s?k=9780061702235&i=stripbooks
9780061935046,,,,https://www.amazon.com/s?k=9780061935046&i=stripbooks
9780061935060,,,,https://www.amazon.com/s?k=9780061935060&i=stripbooks
9780062073488,,,,https://www.amazon.com/s?k=9780062073488&i=stripbooks
9780062086334,,,,https://www.amazon.com/s?k=9780062086334&i=stripbooks
9780062234896,,,,https://www.amazon.com/s?k=9780062234896&i=stripbooks
9780062236937,,,,https://www.amazon.com/s?k=9780062236937&i=stripbooks
9780062268143,,,,https://www.amazon.com/s?k=9780062268143&i=stripbooks
9780062279286,,,,https://www.amazon.com/s?k=9780062279286&i=stripbooks
9780062300553,,,,https://www.amazon.com/s?k=9780062300553&i=stripbooks
9780062305015,,,,https://www.amazon.com/s?k=9780062305015&i=stripbooks
9780062326980,,,,https://www.amazon.com/s?k=9780062326980&i=stripbooks
9780062327000,,,,https://www.amazon.com/s?k=9780062327000&i=stripbooks
9780062343352,,,,https://www.amazon.com/s?k=9780062343352&i=stripbooks
9780062404213,,,,https://www.amazon.com/s?k=9780062404213&i=stripbooks
9780062404527,,,,https://www.amazon.com/s?k=9780062404527&i=stripbooks
9780062414168,,,,https://www.amazon.com/s?k=9780062414168&i=stripbooks
9780062415240,,,,https://www.amazon.com/s?k=9780062415240&i=stripbooks
9780062430649,,,,https://www.amazon.com/s?k=9780062430649&i=stripbooks
9780062430670,,,,https://www.amazon.com/s?k=9780062430670&i=stripbooks
9780062430700,,,,https://www.amazon.com/s?k=9780062430700&i=stripbooks
9780062430731,,,,https://www.amazon.com/s?k=9780062430731&i=stripbooks
9780062430762,,,,https://www.amazon.com/s?k=9780062430762&i=stripbooks
9780062430793,,,,https://www.amazon.com/s?k=9780062430793&i=stripbooks
9780062432407,,,,https://www.amazon.com/s?k=9780062432407&i=stripbooks
9780062432612,,,,https://www.amazon.com/s?k=9780062432612&i=stripbooks
9780062434159,,,,https://www.amazon.com/s?k=9780062434159&i=stripbooks
9780062475763,,,,https://www.amazon.com/s?k=9780062475763&i=stripbooks
9780062563903,,,,https://www.amazon.com/s?k=9780062563903&i=stripbooks
9780062641540,,,,https://www.amazon.com/s?k=9780062641540&i=stripbooks
9780062662378,,,,https://www.amazon.com/s?k=9780062662378&i=stripbooks
9780062675248,,,,https://www.amazon.com/s?k=9780062675248&i=stripbooks
9780062692788,,,,https://www.amazon.com/s?k=9780062692788&i=stripbooks
9780062692801,,,,https://www.amazon.com/s?k=9780062692801&i=stripbooks
9780062698490,,,,https://www.amazon.com/s?k=9780062698490&i=stripbooks
9780062699947,,,,https://www.amazon.com/s?k=9780062699947&i=stripbooks
9780062699978,,,,https://www.amazon.com/s?k=9780062699978&i=stripbooks
9780062836533,,,,https://www.amazon.com/s?k=9780062836533&i=stripbooks
9780062836557,,,,https://www.amazon.com/s?k=9780062836557&i=stripbooks
9780062851062,,,,https://www.amazon.com/s?k=9780062851062&i=stripbooks
9780062868268,,,,https://www.amazon.com/s?k=9780062868268&i=stripbooks
9780062868305,,,,https://www.amazon.com/s?k=9780062868305&i=stripbooks
9780062868329,,,,https://www.amazon.com/s?k=9780062868329&i=stripbooks
9780062868350,,,,https://www.amazon.com/s?k=9780062868350&i=stripbooks
9780062868459,,,,https://www.amazon.com/s?k=9780062868459&i=stripbooks
9780062875471,,,,https://www.amazon.com/s?k=9780062875471&i=stripbooks
9780062890306,,,,https://www.amazon.com/s?k=9780062890306&i=stripbooks
9780062930651,,,,https://www.amazon.com/s?k=9780062930651&i=stripbooks
9780062930682,,,,https://www.amazon.com/s?k=9780062930682&i=stripbooks
9780062933683,,,,https://www.amazon.com/s?k=9780062933683&i=stripbooks
9780062964502,,,,https://www.amazon.com/s?k=9780062964502&i=stripbooks
9780062972453,,,,https://www.amazon.com/s?k=9780062972453&i=stripbooks
9780062974174,,,,https://www.amazon.com/s?k=9780062974174&i=stripbooks
9780062974266,,,,https://www.amazon.com/s?k=9780062974266&i=stripbooks
9780062974396,,,,https://www.amazon.com/s?k=9780062974396&i=stripbooks
9780062974419,,,,https://www.amazon.com/s?k=9780062974419&i=stripbooks
9780062989628,,,,https://www.amazon.com/s?k=9780062989628&i=stripbooks
9780062989642,,,,https://www.amazon.com/s?k=9780062989642&i=stripbooks
9780062992321,,,,https://www.amazon.com/s?k=9780062992321&i=stripbooks
9780062993168,,,,https://www.amazon.com/s?k=9780062993168&i=stripbooks
9780063031722,,,,https://www.amazon.com/s?k=9780063031722&i=stripbooks
9780063037427,,,,https://www.amazon.com/s?k=9780063037427&i=stripbooks
9780063037557,,,,https://www.amazon.com/s?k=9780063037557&i=stripbooks
9780063037571,,,,https://www.amazon.com/s?k=9780063037571&i=stripbooks
9780063050112,,,,https://www.amazon.com/s?k=9780063050112&i=stripbooks
9780063056503,,,,https://www.amazon.com/s?k=9780063056503&i=stripbooks
9780063056763,,,,https://www.amazon.com/s?k=9780063056763&i=stripbooks
9780063060692,,,,https://www.amazon.com/s?k=9780063060692&i=stripbooks
9780063060715,,,,https://www.amazon.com/s?k=9780063060715&i=stripbooks
9780063070950,,,,https://www.amazon.com/s?k=9780063070950&i=stripbooks
9780063070981,,,,https://www.amazon.com/s?k=9780063070981&i=stripbooks
9780063071025,,,,https://www.amazon.com/s?k=9780063071025&i=stripbooks
9780063080096,,,,https://www.amazon.com/s?k=9780063080096&i=stripbooks
9780063083714,,,,https://www.amazon.com/s?k=9780063083714&i=stripbooks
9780063092983,,,,https://www.amazon.com/s?k=9780063092983&i=stripbooks
9780063096103,,,,https://www.amazon.com/s?k=9780063096103&i=stripbooks
9780063096165,,,,https://www.amazon.com/s?k=9780063096165&i=stripbooks
9780063097308,,,,https://www.amazon.com/s?k=9780063097308&i=stripbooks
9780063111486,,,,https://www.amazon.com/s?k=9780063111486&i=stripbooks
9780063116276,,,,https://www.amazon.com/s?k=9780063116276&i=stripbooks
9780063116313,,,,https://www.amazon.com/s?k=9780063116313&i=stripbooks
9780063116337,,,,https://www.amazon.com/s?k=9780063116337&i=stripbooks
9780063157798,,,,https://www.amazon.com/s?k=9780063157798&i=stripbooks
9780063159983,,,,https://www.amazon.com/s?k=9780063159983&i=stripbooks
9780063203907,,,,https://www.amazon.com/s?k=9780063203907&i=stripbooks
9780063204164,,,,https://www.amazon.com/s?k=9780063204164&i=stripbooks
9780063222588,,,,https://www.amazon.com/s?k=9780063222588&i=stripbooks
9780063251922,,,,https://www.amazon.com/s?k=9780063251922&i=stripbooks
9780063257207,,,,https://www.amazon.com/s?k=9780063257207&i=stripbooks
9780063258716,,,,https://www.amazon.com/s?k=9780063258716&i=stripbooks
9780063258761,,,,https://www.amazon.com/s?k=9780063258761&i=stripbooks
9780063268456,,,,https://www.amazon.com/s?k=9780063268456&i=stripbooks
9780063271098,,,,https://www.amazon.com/s?k=9780063271098&i=stripbooks
9780063272439,,,,https://www.amazon.com/s?k=9780063272439&i=stripbooks
9780063272453,,,,https://www.amazon.com/s?k=9780063272453&i=stripbooks
9780063287877,,,,https://www.amazon.com/s?k=9780063287877&i=stripbooks
9780063290099,,,,https://www.amazon.com/s?k=9780063290099&i=stripbooks
9780063290198,,,,https://www.amazon.com/s?k=9780063290198&i=stripbooks
9780063299511,,,,https://www.amazon.com/s?k=9780063299511&i=stripbooks
9780063305656,,,,https://www.amazon.com/s?k=9780063305656&i=stripbooks
9780063306509,,,,https://www.amazon.com/s?k=9780063306509&i=stripbooks
9780063306691,,,,https://www.amazon.com/s?k=9780063306691&i=stripbooks
9780063311206,,,,https://www.amazon.com/s?k=9780063311206&i=stripbooks
9780063311220,,,,https://www.amazon.com/s?k=9780063311220&i=stripbooks
9780063311244,,,,https://www.amazon.com/s?k=9780063311244&i=stripbooks
9780063320970,,,,https://www.amazon.com/s?k=9780063320970&i=stripbooks
9780063327399,,,,https://www.amazon.com/s?k=9780063327399&i=stripbooks
9780063327412,,,,https://www.amazon.com/s?k=9780063327412&i=stripbooks
9780063327535,,,,https://www.amazon.com/s?k=9780063327535&i=stripbooks
9780063335592,,,,https://www.amazon.com/s?k=9780063335592&i=stripbooks
9780063343160,,,,https://www.amazon.com/s?k=9780063343160&i=stripbooks
9780063343184,,,,https://www.amazon.com/s?k=9780063343184&i=stripbooks
9780063343221,,,,https://www.amazon.com/s?k=9780063343221&i=stripbooks
9780063349407,,,,https://www.amazon.com/s?k=9780063349407&i=stripbooks
9780063351127,,,,https://www.amazon.com/s?k=9780063351127&i=stripbooks
9780063351318,,,,https://www.amazon.com/s?k=9780063351318&i=stripbooks
9780063354777,,,,https://www.amazon.com/s?k=9780063354777&i=stripbooks
9780063355392,,,,https://www.amazon.com/s?k=9780063355392&i=stripbooks
9780063355422,,,,https://www.amazon.com/s?k=9780063355422&i=stripbooks
9780063371781,,,,https://www.amazon.com/s?k=9780063371781&i=stripbooks
9780063373471,,,,https://www.amazon.com/s?k=9780063373471&i=stripbooks
9780063373501,,,,https://www.amazon.com/s?k=9780063373501&i=stripbooks
9780063374249,,,,https://www.amazon.com/s?k=9780063374249&i=stripbooks
9780063374683,,,,https://www.amazon.com/s?k=9780063374683&i=stripbooks
9780063375697,,,,https://www.amazon.com/s?k=9780063375697&i=stripbooks
9780063377738,,,,https://www.amazon.com/s?k=9780063377738&i=stripbooks
9780063378308,,,,https://www.amazon.com/s?k=9780063378308&i=stripbooks
9780063378995,,,,https://www.amazon.com/s?k=9780063378995&i=stripbooks
9780063382435,,,,https://www.amazon.com/s?k=9780063382435&i=stripbooks
9780063384651,,,,https://www.amazon.com/s?k=9780063384651&i=stripbooks
9780063387621,,,,https://www.amazon.com/s?k=9780063387621&i=stripbooks
9780063389779,,,,https://www.amazon.com/s?k=9780063389779&i=stripbooks
9780063394063,,,,https://www.amazon.com/s?k=9780063394063&i=stripbooks
9780063395695,,,,https://www.amazon.com/s?k=9780063395695&i=stripbooks
9780063413108,,,,https://www.amazon.com/s?k=9780063413108&i=stripbooks
9780063413672,,,,https://www.amazon.com/s?k=9780063413672&i=stripbooks
9780063413825,,,,https://www.amazon.com/s?k=9780063413825&i=stripbooks
9780063414686,,,,https://www.amazon.com/s?k=9780063414686&i=stripbooks
9780063415195,,,,https://www.amazon.com/s?k=9780063415195&i=stripbooks
9780063415911,,,,https://www.amazon.com/s?k=9780063415911&i=stripbooks
9780063416659,,,,https://www.amazon.com/s?k=9780063416659&i=stripbooks
9780063418561,,,,https://www.amazon.com/s?k=9780063418561&i=stripbooks
9780063419803,,,,https://www.amazon.com/s?k=9780063419803&i=stripbooks
9780063420199,,,,https://www.amazon.com/s?k=9780063420199&i=stripbooks
9780063424784,,,,https://www.amazon.com/s?k=9780063424784&i=stripbooks
9780063429147,,,,https://www.amazon.com/s?k=9780063429147&i=stripbooks
9780063430686,,,,https://www.amazon.com/s?k=9780063430686&i=stripbooks
9780063432109,,,,https://www.amazon.com/s?k=9780063432109&i=stripbooks
9780063433151,,,,https://www.amazon.com/s?k=9780063433151&i=stripbooks
9780063434790,,,,https://www.amazon.com/s?k=9780063434790&i=stripbooks
9780063439221,,,,https://www.amazon.com/s?k=9780063439221&i=stripbooks
9780063442726,,,,https://www.amazon.com/s?k=9780063442726&i=stripbooks
9780063450042,,,,https://www.amazon.com/s?k=9780063450042&i=stripbooks
9780063454118,,,,https://www.amazon.com/s?k=9780063454118&i=stripbooks
9780063467910,,,,https://www.amazon.com/s?k=9780063467910&i=stripbooks
9780064409391,,,,https://www.amazon.com/s?k=9780064409391&i=stripbooks
9780064471107,,,,https://www.amazon.com/s?k=9780064471107&i=stripbooks
9780140150469,,,,https://www.amazon.com/s?k=9780140150469&i=stripbooks
9780141194561,,,,https://www.amazon.com/s?k=9780141194561&i=stripbooks
9780143039976,,,,https://www.amazon.com/s?k=9780143039976&i=stripbooks
9780143107231,,,,https://www.amazon.com/s?k=9780143107231&i=stripbooks
9780143111528,,,,https://www.amazon.com/s?k=9780143111528&i=stripbooks
9780143122968,,,,https://www.amazon.com/s?k=9780143122968&i=stripbooks
9780143131618,,,,https://www.amazon.com/s?k=9780143131618&i=stripbooks
9780143133100,,,,https://www.amazon.com/s?k=9780143133100&i=stripbooks
9780143134152,,,,https://www.amazon.com/s?k=9780143134152&i=stripbooks
9780143138228,,,,https://www.amazon.com/s?k=9780143138228&i=stripbooks
9780143138594,,,,https://www.amazon.com/s?k=9780143138594&i=stripbooks
9780143139089,,,,https://www.amazon.com/s?k=9780143139089&i=stripbooks
9780147510488,,,,https://www.amazon.com/s?k=9780147510488&i=stripbooks
9780152024499,,,,https://www.amazon.com/s?k=9780152024499&i=stripbooks
9780152057800,,,,https://www.amazon.com/s?k=9780152057800&i=stripbooks
9780156949606,,,,https://www.amazon.com/s?k=9780156949606&i=stripbooks
9780194005043,,,,https://www.amazon.com/s?k=9780194005043&i=stripbooks
9780194005067,,,,https://www.amazon.com/s?k=9780194005067&i=stripbooks
9780194005074,,,,https://www.amazon.com/s?k=9780194005074&i=stripbooks
9780194005272,,,,https://www.amazon.com/s?k=9780194005272&i=stripbooks
9780194005333,,,,https://www.amazon.com/s?k=9780194005333&i=stripbooks
9780194005388,,,,https://www.amazon.com/s?k=9780194005388&i=stripbooks
9780194005654,,,,https://www.amazon.com/s?k=9780194005654&i=stripbooks
9780194005692,,,,https://www.amazon.com/s?k=9780194005692&i=stripbooks
9780194006002,,,,https://www.amazon.com/s?k=9780194006002&i=stripbooks
9780194006019,,,,https://www.amazon.com/s?k=9780194006019&i=stripbooks
9780194006026,,,,https://www.amazon.com/s?k=9780194006026&i=stripbooks
9780194006033,,,,https://www.amazon.com/s?k=9780194006033&i=stripbooks
9780194006040,,,,https://www.amazon.com/s?k=9780194006040&i=stripbooks
9780194016285,,,,https://www.amazon.com/s?k=9780194016285&i=stripbooks
9780194016292,,,,https://www.amazon.com/s?k=9780194016292&i=stripbooks
9780194016308,,,,https://www.amazon.com/s?k=9780194016308&i=stripbooks
9780194016483,,,,https://www.amazon.com/s?k=9780194016483&i=stripbooks
9780194016490,,,,https://www.amazon.com/s?k=9780194016490&i=stripbooks
9780194016506,,,,https://www.amazon.com/s?k=9780194016506&i=stripbooks
9780194023009,,,,https://www.amazon.com/s?k=9780194023009&i=stripbooks
9780194033572,,,,https://www.amazon.com/s?k=9780194033572&i=stripbooks
9780194033596,,,,https://www.amazon.com/s?k=9780194033596&i=stripbooks
9780194033602,,,,https://www.amazon.com/s?k=9780194033602&i=stripbooks
9780194033619,,,,https://www.amazon.com/s?k=9780194033619&i=stripbooks
9780194033640,,,,https://www.amazon.com/s?k=9780194033640&i=stripbooks
9780194033657,,,,https://www.amazon.com/s?k=9780194033657&i=stripbooks
9780194033671,,,,https://www.amazon.com/s?k=9780194033671&i=stripbooks
9780194033688,,,,https://www.amazon.com/s?k=9780194033688&i=stripbooks
9780194034050,,,,https://www.amazon.com/s?k=9780194034050&i=stripbooks
9780194034067,,,,https://www.amazon.com/s?k=9780194034067&i=stripbooks
9780194034128,,,,https://www.amazon.com/s?k=9780194034128&i=stripbooks
9780194034135,,,,https://www.amazon.com/s?k=9780194034135&i=stripbooks
9780194034159,,,,https://www.amazon.com/s?k=9780194034159&i=stripbooks
9780194034449,,,,https://www.amazon.com/s?k=9780194034449&i=stripbooks
9780194034456,,,,https://www.amazon.com/s?k=9780194034456&i=stripbooks
9780194034463,,,,https://www.amazon.com/s?k=9780194034463&i=stripbooks
9780194034470,,,,https://www.amazon.com/s?k=9780194034470&i=stripbooks
9780194034487,,,,https://www.amazon.com/s?k=9780194034487&i=stripbooks
9780194034494,,,,https://www.amazon.com/s?k=9780194034494&i=stripbooks
9780194034517,,,,https://www.amazon.com/s?k=9780194034517&i=stripbooks
9780194034524,,,,https://www.amazon.com/s?k=9780194034524&i=stripbooks
9780194034531,,,,https://www.amazon.com/s?k=9780194034531&i=stripbooks
9780194034654,,,,https://www.amazon.com/s?k=9780194034654&i=stripbooks
9780194034715,,,,https://www.amazon.com/s?k=9780194034715&i=stripbooks
9780194046688,,,,https://www.amazon.com/s?k=9780194046688&i=stripbooks
9780194046756,,,,https://www.amazon.com/s?k=9780194046756&i=stripbooks
9780194049245,,,,https://www.amazon.com/s?k=9780194049245&i=stripbooks
9780194049276,,,,https://www.amazon.com/s?k=9780194049276&i=stripbooks
9780194049368,,,,https://www.amazon.com/s?k=9780194049368&i=stripbooks
9780194049399,,,,https://www.amazon.com/s?k=9780194049399&i=stripbooks
9780194049481,,,,https://www.amazon.com/s?k=9780194049481&i=stripbooks
9780194049511,,,,https://www.amazon.com/s?k=9780194049511&i=stripbooks
9780194049603,,,,https://www.amazon.com/s?k=9780194049603&i=stripbooks
9780194049634,,,,https://www.amazon.com/s?k=9780194049634&i=stripbooks
9780194049726,,,,https://www.amazon.com/s?k=9780194049726&i=stripbooks
9780194049757,,,,https://www.amazon.com/s?k=9780194049757&i=stripbooks
9780194049849,,,,https://www.amazon.com/s?k=9780194049849&i=stripbooks
9780194049870,,,,https://www.amazon.com/s?k=9780194049870&i=stripbooks
9780194049962,,,,https://www.amazon.com/s?k=9780194049962&i=stripbooks
9780194050081,,,,https://www.amazon.com/s?k=9780194050081&i=stripbooks
9780194050111,,,,https://www.amazon.com/s?k=9780194050111&i=stripbooks
9780194052153,,,,https://www.amazon.com/s?k=9780194052153&i=stripbooks
9780194052160,,,,https://www.amazon.com/s?k=9780194052160&i=stripbooks
9780194052177,,,,https://www.amazon.com/s?k=9780194052177&i=stripbooks
9780194052207,,,,https://www.amazon.com/s?k=9780194052207&i=stripbooks
9780194052306,,,,https://www.amazon.com/s?k=9780194052306&i=stripbooks
9780194052344,,,,https://www.amazon.com/s?k=9780194052344&i=stripbooks
9780194053969,,,,https://www.amazon.com/s?k=9780194053969&i=stripbooks
9780194053983,,,,https://www.amazon.com/s?k=9780194053983&i=stripbooks
9780194060950,,,,https://www.amazon.com/s?k=9780194060950&i=stripbooks
9780194060974,,,,https://www.amazon.com/s?k=9780194060974&i=stripbooks
9780194061100,,,,https://www.amazon.com/s?k=9780194061100&i=stripbooks
9780194061124,,,,https://www.amazon.com/s?k=9780194061124&i=stripbooks
9780194061254,,,,https://www.amazon.com/s?k=9780194061254&i=stripbooks
9780194061278,,,,https://www.amazon.com/s?k=9780194061278&i=stripbooks
9780194061407,,,,https://www.amazon.com/s?k=9780194061407&i=stripbooks
9780194061421,,,,https://www.amazon.com/s?k=9780194061421&i=stripbooks
9780194061704,,,,https://www.amazon.com/s?k=9780194061704&i=stripbooks
9780194061728,,,,https://www.amazon.com/s?k=9780194061728&i=stripbooks
9780194063364,,,,https://www.amazon.com/s?k=9780194063364&i=stripbooks
9780194070003,,,,https://www.amazon.com/s?k=9780194070003&i=stripbooks
9780194070010,,,,https://www.amazon.com/s?k=9780194070010&i=stripbooks
9780194070034,,,,https://www.amazon.com/s?k=9780194070034&i=stripbooks
9780194070065,,,,https://www.amazon.com/s?k=9780194070065&i=stripbooks
9780194070669,,,,https://www.amazon.com/s?k=9780194070669&i=stripbooks
9780194110549,,,,https://www.amazon.com/s?k=9780194110549&i=stripbooks
9780194113946,,,,https://www.amazon.com/s?k=9780194113946&i=stripbooks
9780194114189,,,,https://www.amazon.com/s?k=9780194114189&i=stripbooks
9780194118453,,,,https://www.amazon.com/s?k=9780194118453&i=stripbooks
9780194123532,,,,https://www.amazon.com/s?k=9780194123532&i=stripbooks
9780194123570,,,,https://www.amazon.com/s?k=9780194123570&i=stripbooks
9780194123693,,,,https://www.amazon.com/s?k=9780194123693&i=stripbooks
9780194123792,,,,https://www.amazon.com/s?k=9780194123792&i=stripbooks
9780194131070,,,,https://www.amazon.com/s?k=9780194131070&i=stripbooks
9780194131087,,,,https://www.amazon.com/s?k=9780194131087&i=stripbooks
9780194131124,,,,https://www.amazon.com/s?k=9780194131124&i=stripbooks
9780194233958,,,,https://www.amazon.com/s?k=9780194233958&i=stripbooks
9780194233965,,,,https://www.amazon.com/s?k=9780194233965&i=stripbooks
9780194234207,,,,https://www.amazon.com/s?k=9780194234207&i=stripbooks
9780194236195,,,,https://www.amazon.com/s?k=9780194236195&i=stripbooks
9780194237956,,,,https://www.amazon.com/s?k=9780194237956&i=stripbooks
9780194238540,,,,https://www.amazon.com/s?k=9780194238540&i=stripbooks
9780194238557,,,,https://www.amazon.com/s?k=9780194238557&i=stripbooks
9780194239035,,,,https://www.amazon.com/s?k=9780194239035&i=stripbooks
9780194239158,,,,https://www.amazon.com/s?k=9780194239158&i=stripbooks
9780194239349,,,,https://www.amazon.com/s?k=9780194239349&i=stripbooks
9780194239356,,,,https://www.amazon.com/s?k=9780194239356&i=stripbooks
9780194239424,,,,https://www.amazon.com/s?k=9780194239424&i=stripbooks
9780194239660,,,,https://www.amazon.com/s?k=9780194239660&i=stripbooks
9780194239721,,,,https://www.amazon.com/s?k=9780194239721&i=stripbooks
9780194245746,,,,https://www.amazon.com/s?k=9780194245746&i=stripbooks
9780194247665,,,,https://www.amazon.com/s?k=9780194247665&i=stripbooks
9780194247696,,,,https://www.amazon.com/s?k=9780194247696&i=stripbooks
9780194248945,,,,https://www.amazon.com/s?k=9780194248945&i=stripbooks
9780194249133,,,,https://www.amazon.com/s?k=9780194249133&i=stripbooks
9780194249799,,,,https://www.amazon.com/s?k=9780194249799&i=stripbooks
9780194249805,,,,https://www.amazon.com/s?k=9780194249805&i=stripbooks
9780194266758,,,,https://www.amazon.com/s?k=9780194266758&i=stripbooks
9780194278584,,,,https://www.amazon.com/s?k=9780194278584&i=stripbooks
9780194278638,,,,https://www.amazon.com/s?k=9780194278638&i=stripbooks
9780194278669,,,,https://www.amazon.com/s?k=9780194278669&i=stripbooks
9780194278713,,,,https://www.amazon.com/s?k=9780194278713&i=stripbooks
9780194278737,,,,https://www.amazon.com/s?k=9780194278737&i=stripbooks
9780194302524,,,,https://www.amazon.com/s?k=9780194302524&i=stripbooks
9780194302647,,,,https://www.amazon.com/s?k=9780194302647&i=stripbooks
9780194305648,,,,https://www.amazon.com/s?k=9780194305648&i=stripbooks
9780194305778,,,,https://www.amazon.com/s?k=9780194305778&i=stripbooks
9780194305921,,,,https://www.amazon.com/s?k=9780194305921&i=stripbooks
9780194305945,,,,https://www.amazon.com/s?k=9780194305945&i=stripbooks
9780194317214,,,,https://www.amazon.com/s?k=9780194317214&i=stripbooks
9780194325387,,,,https://www.amazon.com/s?k=9780194325387&i=stripbooks
9780194337311,,,,https://www.amazon.com/s?k=9780194337311&i=stripbooks
9780194364355,,,,https://www.amazon.com/s?k=9780194364355&i=stripbooks
9780194369763,,,,https://www.amazon.com/s?k=9780194369763&i=stripbooks
9780194370875,,,,https://www.amazon.com/s?k=9780194370875&i=stripbooks
9780194372008,,,,https://www.amazon.com/s?k=9780194372008&i=stripbooks
9780194375993,,,,https://www.amazon.com/s?k=9780194375993&i=stripbooks
9780194387545,,,,https://www.amazon.com/s?k=9780194387545&i=stripbooks
9780194392914,,,,https://www.amazon.com/s?k=9780194392914&i=stripbooks
9780194397360,,,,https://www.amazon.com/s?k=9780194397360&i=stripbooks
9780194397988,,,,https://www.amazon.com/s?k=9780194397988&i=stripbooks
9780194401029,,,,https://www.amazon.com/s?k=9780194401029&i=stripbooks
9780194407298,,,,https://www.amazon.com/s?k=9780194407298&i=stripbooks
9780194407311,,,,https://www.amazon.com/s?k=9780194407311&i=stripbooks
9780194407366,,,,https://www.amazon.com/s?k=9780194407366&i=stripbooks
9780194407373,,,,https://www.amazon.com/s?k=9780194407373&i=stripbooks
9780194407380,,,,https://www.amazon.com/s?k=9780194407380&i=stripbooks
9780194407397,,,,https://www.amazon.com/s?k=9780194407397&i=stripbooks
9780194410076,,,,https://www.amazon.com/s?k=9780194410076&i=stripbooks
9780194410274,,,,https://www.amazon.com/s?k=9780194410274&i=stripbooks
9780194413299,,,,https://www.amazon.com/s?k=9780194413299&i=stripbooks
9780194413329,,,,https://www.amazon.com/s?k=9780194413329&i=stripbooks
9780194413619,,,,https://www.amazon.com/s?k=9780194413619&i=stripbooks
9780194413640,,,,https://www.amazon.com/s?k=9780194413640&i=stripbooks
9780194421928,,,,https://www.amazon.com/s?k=9780194421928&i=stripbooks
9780194429252,,,,https://www.amazon.com/s?k=9780194429252&i=stripbooks
9780194433433,,,,https://www.amazon.com/s?k=9780194433433&i=stripbooks
9780194433440,,,,https://www.amazon.com/s?k=9780194433440&i=stripbooks
9780194433679,,,,https://www.amazon.com/s?k=9780194433679&i=stripbooks
9780194433686,,,,https://www.amazon.com/s?k=9780194433686&i=stripbooks
9780194442428,,,,https://www.amazon.com/s?k=9780194442428&i=stripbooks
9780194442862,,,,https://www.amazon.com/s?k=9780194442862&i=stripbooks
9780194455138,,,,https://www.amazon.com/s?k=9780194455138&i=stripbooks
9780194455169,,,,https://www.amazon.com/s?k=9780194455169&i=stripbooks
9780194455213,,,,https://www.amazon.com/s?k=9780194455213&i=stripbooks
9780194455237,,,,https://www.amazon.com/s?k=9780194455237&i=stripbooks
9780194455268,,,,https://www.amazon.com/s?k=9780194455268&i=stripbooks
9780194455336,,,,https://www.amazon.com/s?k=9780194455336&i=stripbooks
9780194463218,,,,https://www.amazon.com/s?k=9780194463218&i=stripbooks
9780194463454,,,,https://www.amazon.com/s?k=9780194463454&i=stripbooks
9780194463478,,,,https://www.amazon.com/s?k=9780194463478&i=stripbooks
9780194463720,,,,https://www.amazon.com/s?k=9780194463720&i=stripbooks
9780194463737,,,,https://www.amazon.com/s?k=9780194463737&i=stripbooks
9780194463744,,,,https://www.amazon.com/s?k=9780194463744&i=stripbooks
9780194463980,,,,https://www.amazon.com/s?k=9780194463980&i=stripbooks
9780194463997,,,,https://www.amazon.com/s?k=9780194463997&i=stripbooks
9780194506052,,,,https://www.amazon.com/s?k=9780194506052&i=stripbooks
9780194506175,,,,https://www.amazon.com/s?k=9780194506175&i=stripbooks
9780194506601,,,,https://www.amazon.com/s?k=9780194506601&i=stripbooks
9780194518000,,,,https://www.amazon.com/s?k=9780194518000&i=stripbooks
9780194518048,,,,https://www.amazon.com/s?k=9780194518048&i=stripbooks
9780194518260,,,,https://www.amazon.com/s?k=9780194518260&i=stripbooks
9780194518307,,,,https://www.amazon.com/s?k=9780194518307&i=stripbooks
9780194518321,,,,https://www.amazon.com/s?k=9780194518321&i=stripbooks
9780194520515,,,,https://www.amazon.com/s?k=9780194520515&i=stripbooks
9780194527675,,,,https://www.amazon.com/s?k=9780194527675&i=stripbooks
9780194534680,,,,https://www.amazon.com/s?k=9780194534680&i=stripbooks
9780194534727,,,,https://www.amazon.com/s?k=9780194534727&i=stripbooks
9780194537773,,,,https://www.amazon.com/s?k=9780194537773&i=stripbooks
9780194538220,,,,https://www.amazon.com/s?k=9780194538220&i=stripbooks
9780194538237,,,,https://www.amazon.com/s?k=9780194538237&i=stripbooks
9780194539678,,,,https://www.amazon.com/s?k=9780194539678&i=stripbooks
9780194551038,,,,https://www.amazon.com/s?k=9780194551038&i=stripbooks
9780194551069,,,,https://www.amazon.com/s?k=9780194551069&i=stripbooks
9780194552882,,,,https://www.amazon.com/s?k=9780194552882&i=stripbooks
9780194553674,,,,https://www.amazon.com/s?k=9780194553674&i=stripbooks
9780194556385,,,,https://www.amazon.com/s?k=9780194556385&i=stripbooks
9780194556392,,,,https://www.amazon.com/s?k=9780194556392&i=stripbooks
9780194556408,,,,https://www.amazon.com/s?k=9780194556408&i=stripbooks
9780194556415,,,,https://www.amazon.com/s?k=9780194556415&i=stripbooks
9780194569538,,,,https://www.amazon.com/s?k=9780194569538&i=stripbooks
9780194569880,,,,https://www.amazon.com/s?k=9780194569880&i=stripbooks
9780194571937,,,,https://www.amazon.com/s?k=9780194571937&i=stripbooks
9780194574211,,,,https://www.amazon.com/s?k=9780194574211&i=stripbooks
9780194574709,,,,https://www.amazon.com/s?k=9780194574709&i=stripbooks
9780194577366,,,,https://www.amazon.com/s?k=9780194577366&i=stripbooks
9780194578028,,,,https://www.amazon.com/s?k=9780194578028&i=stripbooks
9780194578196,,,,https://www.amazon.com/s?k=9780194578196&i=stripbooks
9780194579032,,,,https://www.amazon.com/s?k=9780194579032&i=stripbooks
9780194579063,,,,https://www.amazon.com/s?k=9780194579063&i=stripbooks
9780194579186,,,,https://www.amazon.com/s?k=9780194579186&i=stripbooks
9780194579278,,,,https://www.amazon.com/s?k=9780194579278&i=stripbooks
9780194579452,,,,https://www.amazon.com/s?k=9780194579452&i=stripbooks
9780194603287,,,,https://www.amazon.com/s?k=9780194603287&i=stripbooks
9780194603294,,,,https://www.amazon.com/s?k=9780194603294&i=stripbooks
9780194609135,,,,https://www.amazon.com/s?k=9780194609135&i=stripbooks
9780194626194,,,,https://www.amazon.com/s?k=9780194626194&i=stripbooks
9780194626200,,,,https://www.amazon.com/s?k=9780194626200&i=stripbooks
9780194626224,,,,https://www.amazon.com/s?k=9780194626224&i=stripbooks
9780194626231,,,,https://www.amazon.com/s?k=9780194626231&i=stripbooks
9780194626248,,,,https://www.amazon.com/s?k=9780194626248&i=stripbooks
9780194626309,,,,https://www.amazon.com/s?k=9780194626309&i=stripbooks
9780194626316,,,,https://www.amazon.com/s?k=9780194626316&i=stripbooks
9780194641531,,,,https://www.amazon.com/s?k=9780194641531&i=stripbooks
9780194641555,,,,https://www.amazon.com/s?k=9780194641555&i=stripbooks
9780194641579,,,,https://www.amazon.com/s?k=9780194641579&i=stripbooks
9780194641821,,,,https://www.amazon.com/s?k=9780194641821&i=stripbooks
9780194643207,,,,https://www.amazon.com/s?k=9780194643207&i=stripbooks
9780194643214,,,,https://www.amazon.com/s?k=9780194643214&i=stripbooks
9780194643221,,,,https://www.amazon.com/s?k=9780194643221&i=stripbooks
9780194643238,,,,https://www.amazon.com/s?k=9780194643238&i=stripbooks
9780194643252,,,,https://www.amazon.com/s?k=9780194643252&i=stripbooks
9780194643269,,,,https://www.amazon.com/s?k=9780194643269&i=stripbooks
9780194643405,,,,https://www.amazon.com/s?k=9780194643405&i=stripbooks
9780194643764,,,,https://www.amazon.com/s?k=9780194643764&i=stripbooks
9780194643771,,,,https://www.amazon.com/s?k=9780194643771&i=stripbooks
9780194643788,,,,https://www.amazon.com/s?k=9780194643788&i=stripbooks
9780194643887,,,,https://www.amazon.com/s?k=9780194643887&i=stripbooks
9780194644204,,,,https://www.amazon.com/s?k=9780194644204&i=stripbooks
9780194644419,,,,https://www.amazon.com/s?k=9780194644419&i=stripbooks
9780194644457,,,,https://www.amazon.com/s?k=9780194644457&i=stripbooks
9780194644488,,,,https://www.amazon.com/s?k=9780194644488&i=stripbooks
9780194644983,,,,https://www.amazon.com/s?k=9780194644983&i=stripbooks
9780194644990,,,,https://www.amazon.com/s?k=9780194644990&i=stripbooks
9780194645003,,,,https://www.amazon.com/s?k=9780194645003&i=stripbooks
9780194645034,,,,https://www.amazon.com/s?k=9780194645034&i=stripbooks
9780194645058,,,,https://www.amazon.com/s?k=9780194645058&i=stripbooks
9780194645584,,,,https://www.amazon.com/s?k=9780194645584&i=stripbooks
9780194645614,,,,https://www.amazon.com/s?k=9780194645614&i=stripbooks
9780194645645,,,,https://www.amazon.com/s?k=9780194645645&i=stripbooks
9780194645652,,,,https://www.amazon.com/s?k=9780194645652&i=stripbooks
9780194645669,,,,https://www.amazon.com/s?k=9780194645669&i=stripbooks
9780194646277,,,,https://www.amazon.com/s?k=9780194646277&i=stripbooks
9780194646291,,,,https://www.amazon.com/s?k=9780194646291&i=stripbooks
9780194646314,,,,https://www.amazon.com/s?k=9780194646314&i=stripbooks
9780194646321,,,,https://www.amazon.com/s?k=9780194646321&i=stripbooks
9780194646338,,,,https://www.amazon.com/s?k=9780194646338&i=stripbooks
9780194646352,,,,https://www.amazon.com/s?k=9780194646352&i=stripbooks
9780194646369,,,,https://www.amazon.com/s?k=9780194646369&i=stripbooks
9780194646390,,,,https://www.amazon.com/s?k=9780194646390&i=stripbooks
9780194646529,,,,https://www.amazon.com/s?k=9780194646529&i=stripbooks
9780194646536,,,,https://www.amazon.com/s?k=9780194646536&i=stripbooks
9780194646567,,,,https://www.amazon.com/s?k=9780194646567&i=stripbooks
9780194646574,,,,https://www.amazon.com/s?k=9780194646574&i=stripbooks
9780194646710,,,,https://www.amazon.com/s?k=9780194646710&i=stripbooks
9780194646796,,,,https://www.amazon.com/s?k=9780194646796&i=stripbooks
9780194646802,,,,https://www.amazon.com/s?k=9780194646802&i=stripbooks
9780194646819,,,,https://www.amazon.com/s?k=9780194646819&i=stripbooks
9780194646826,,,,https://www.amazon.com/s?k=9780194646826&i=stripbooks
9780194646840,,,,https://www.amazon.com/s?k=9780194646840&i=stripbooks
9780194646857,,,,https://www.amazon.com/s?k=9780194646857&i=stripbooks
9780194646864,,,,https://www.amazon.com/s?k=9780194646864&i=stripbooks
9780194704588,,,,https://www.amazon.com/s?k=9780194704588&i=stripbooks
9780194715171,,,,https://www.amazon.com/s?k=9780194715171&i=stripbooks
9780194722384,,,,https://www.amazon.com/s?k=9780194722384&i=stripbooks
9780194722674,,,,https://www.amazon.com/s?k=9780194722674&i=stripbooks
9780194722698,,,,https://www.amazon.com/s?k=9780194722698&i=stripbooks
9780194725880,,,,https://www.amazon.com/s?k=9780194725880&i=stripbooks
9780194725910,,,,https://www.amazon.com/s?k=9780194725910&i=stripbooks
9780194726115,,,,https://www.amazon.com/s?k=9780194726115&i=stripbooks
9780194726146,,,,https://www.amazon.com/s?k=9780194726146&i=stripbooks
9780194726344,,,,https://www.amazon.com/s?k=9780194726344&i=stripbooks
9780194726375,,,,https://www.amazon.com/s?k=9780194726375&i=stripbooks
9780194726412,,,,https://www.amazon.com/s?k=9780194726412&i=stripbooks
9780194727785,,,,https://www.amazon.com/s?k=9780194727785&i=stripbooks
9780194729024,,,,https://www.amazon.com/s?k=9780194729024&i=stripbooks
9780194729215,,,,https://www.amazon.com/s?k=9780194729215&i=stripbooks
9780194729338,,,,https://www.amazon.com/s?k=9780194729338&i=stripbooks
9780194729352,,,,https://www.amazon.com/s?k=9780194729352&i=stripbooks
9780194729642,,,,https://www.amazon.com/s?k=9780194729642&i=stripbooks
9780194729932,,,,https://www.amazon.com/s?k=9780194729932&i=stripbooks
9780194730259,,,,https://www.amazon.com/s?k=9780194730259&i=stripbooks
9780194730532,,,,https://www.amazon.com/s?k=9780194730532&i=stripbooks
9780194730648,,,,https://www.amazon.com/s?k=9780194730648&i=stripbooks
9780194739412,,,,https://www.amazon.com/s?k=9780194739412&i=stripbooks
9780194740098,,,,https://www.amazon.com/s?k=9780194740098&i=stripbooks
9780194740104,,,,https://www.amazon.com/s?k=9780194740104&i=stripbooks
9780194748568,,,,https://www.amazon.com/s?k=9780194748568&i=stripbooks
9780194748599,,,,https://www.amazon.com/s?k=9780194748599&i=stripbooks
9780194748797,,,,https://www.amazon.com/s?k=9780194748797&i=stripbooks
9780194756242,,,,https://www.amazon.com/s?k=9780194756242&i=stripbooks
9780194769587,,,,https://www.amazon.com/s?k=9780194769587&i=stripbooks
9780194770019,,,,https://www.amazon.com/s?k=9780194770019&i=stripbooks
9780194770200,,,,https://www.amazon.com/s?k=9780194770200&i=stripbooks
9780194774253,,,,https://www.amazon.com/s?k=9780194774253&i=stripbooks
9780194774413,,,,https://www.amazon.com/s?k=9780194774413&i=stripbooks
9780194774536,,,,https://www.amazon.com/s?k=9780194774536&i=stripbooks
9780194774574,,,,https://www.amazon.com/s?k=9780194774574&i=stripbooks
9780194776301,,,,https://www.amazon.com/s?k=9780194776301&i=stripbooks
9780194779012,,,,https://www.amazon.com/s?k=9780194779012&i=stripbooks
9780194779142,,,,https://www.amazon.com/s?k=9780194779142&i=stripbooks
9780194780056,,,,https://www.amazon.com/s?k=9780194780056&i=stripbooks
9780194790536,,,,https://www.amazon.com/s?k=9780194790536&i=stripbooks
9780194791168,,,,https://www.amazon.com/s?k=9780194791168&i=stripbooks
9780194791656,,,,https://www.amazon.com/s?k=9780194791656&i=stripbooks
9780194791830,,,,https://www.amazon.com/s?k=9780194791830&i=stripbooks
9780194791984,,,,https://www.amazon.com/s?k=9780194791984&i=stripbooks
9780194794206,,,,https://www.amazon.com/s?k=9780194794206&i=stripbooks
9780194794466,,,,https://www.amazon.com/s?k=9780194794466&i=stripbooks
9780194796316,,,,https://www.amazon.com/s?k=9780194796316&i=stripbooks
9780194796330,,,,https://www.amazon.com/s?k=9780194796330&i=stripbooks
9780194796354,,,,https://www.amazon.com/s?k=9780194796354&i=stripbooks
9780194796361,,,,https://www.amazon.com/s?k=9780194796361&i=stripbooks
9780194796378,,,,https://www.amazon.com/s?k=9780194796378&i=stripbooks
9780194796385,,,,https://www.amazon.com/s?k=9780194796385&i=stripbooks
9780194802529,,,,https://www.amazon.com/s?k=9780194802529&i=stripbooks
9780194802536,,,,https://www.amazon.com/s?k=9780194802536&i=stripbooks
9780194802543,,,,https://www.amazon.com/s?k=9780194802543&i=stripbooks
9780194802574,,,,https://www.amazon.com/s?k=9780194802574&i=stripbooks
9780194802727,,,,https://www.amazon.com/s?k=9780194802727&i=stripbooks
9780194802789,,,,https://www.amazon.com/s?k=9780194802789&i=stripbooks
9780194802871,,,,https://www.amazon.com/s?k=9780194802871&i=stripbooks
9780194803038,,,,https://www.amazon.com/s?k=9780194803038&i=stripbooks
9780194803090,,,,https://www.amazon.com/s?k=9780194803090&i=stripbooks
9780194808088,,,,https://www.amazon.com/s?k=9780194808088&i=stripbooks
9780194808293,,,,https://www.amazon.com/s?k=9780194808293&i=stripbooks
9780194808309,,,,https://www.amazon.com/s?k=9780194808309&i=stripbooks
9780194808323,,,,https://www.amazon.com/s?k=9780194808323&i=stripbooks
9780194808330,,,,https://www.amazon.com/s?k=9780194808330&i=stripbooks
9780194808347,,,,https://www.amazon.com/s?k=9780194808347&i=stripbooks
9780194808422,,,,https://www.amazon.com/s?k=9780194808422&i=stripbooks
9780194808620,,,,https://www.amazon.com/s?k=9780194808620&i=stripbooks
9780194808637,,,,https://www.amazon.com/s?k=9780194808637&i=stripbooks
9780194808644,,,,https://www.amazon.com/s?k=9780194808644&i=stripbooks
9780194808651,,,,https://www.amazon.com/s?k=9780194808651&i=stripbooks
9780194808668,,,,https://www.amazon.com/s?k=9780194808668&i=stripbooks
9780194808675,,,,https://www.amazon.com/s?k=9780194808675&i=stripbooks
9780194812078,,,,https://www.amazon.com/s?k=9780194812078&i=stripbooks
9780194812313,,,,https://www.amazon.com/s?k=9780194812313&i=stripbooks
9780194816250,,,,https://www.amazon.com/s?k=9780194816250&i=stripbooks
9780194816441,,,,https://www.amazon.com/s?k=9780194816441&i=stripbooks
9780194816465,,,,https://www.amazon.com/s?k=9780194816465&i=stripbooks
9780194816656,,,,https://www.amazon.com/s?k=9780194816656&i=stripbooks
9780194816823,,,,https://www.amazon.com/s?k=9780194816823&i=stripbooks
9780194817486,,,,https://www.amazon.com/s?k=9780194817486&i=stripbooks
9780194817608,,,,https://www.amazon.com/s?k=9780194817608&i=stripbooks
9780194817653,,,,https://www.amazon.com/s?k=9780194817653&i=stripbooks
9780194822718,,,,https://www.amazon.com/s?k=9780194822718&i=stripbooks
9780194824491,,,,https://www.amazon.com/s?k=9780194824491&i=stripbooks
9780194824507,,,,https://www.amazon.com/s?k=9780194824507&i=stripbooks
9780194824521,,,,https://www.amazon.com/s?k=9780194824521&i=stripbooks
9780194824545,,,,https://www.amazon.com/s?k=9780194824545&i=stripbooks
9780194824583,,,,https://www.amazon.com/s?k=9780194824583&i=stripbooks
9780194824620,,,,https://www.amazon.com/s?k=9780194824620&i=stripbooks
9780194906029,,,,https://www.amazon.com/s?k=9780194906029&i=stripbooks
9780194906050,,,,https://www.amazon.com/s?k=9780194906050&i=stripbooks
9780194906258,,,,https://www.amazon.com/s?k=9780194906258&i=stripbooks
9780194906487,,,,https://www.amazon.com/s?k=9780194906487&i=stripbooks
9780194906524,,,,https://www.amazon.com/s?k=9780194906524&i=stripbooks
9780194906753,,,,https://www.amazon.com/s?k=9780194906753&i=stripbooks
9780194906944,,,,https://www.amazon.com/s?k=9780194906944&i=stripbooks
9780194906982,,,,https://www.amazon.com/s?k=9780194906982&i=stripbooks
9780194907170,,,,https://www.amazon.com/s?k=9780194907170&i=stripbooks
9780194907217,,,,https://www.amazon.com/s?k=9780194907217&i=stripbooks
9780198394778,,,,https://www.amazon.com/s?k=9780198394778&i=stripbooks
9780198418214,,,,https://www.amazon.com/s?k=9780198418214&i=stripbooks
9780241616116,,,,https://www.amazon.com/s?k=9780241616116&i=stripbooks
9780262049504,,,,https://www.amazon.com/s?k=9780262049504&i=stripbooks
9780307030719,,,,https://www.amazon.com/s?k=9780307030719&i=stripbooks
9780307386410,,,,https://www.amazon.com/s?k=9780307386410&i=stripbooks
9780307465375,,,,https://www.amazon.com/s?k=9780307465375&i=stripbooks
9780307587428,,,,https://www.amazon.com/s?k=9780307587428&i=stripbooks
9780307931511,,,,https://www.amazon.com/s?k=9780307931511&i=stripbooks
9780307947987,,,,https://www.amazon.com/s?k=9780307947987&i=stripbooks
9780307980793,,,,https://www.amazon.com/s?k=9780307980793&i=stripbooks
9780316023757,,,,https://www.amazon.com/s?k=9780316023757&i=stripbooks
9780316040532,,,,https://www.amazon.com/s?k=9780316040532&i=stripbooks
9780316056199,,,,https://www.amazon.com/s?k=9780316056199&i=stripbooks
9780316252164,,,,https://www.amazon.com/s?k=9780316252164&i=stripbooks
9780316258777,,,,https://www.amazon.com/s?k=9780316258777&i=stripbooks
9780316370950,,,,https://www.amazon.com/s?k=9780316370950&i=stripbooks
9780316527156,,,,https://www.amazon.com/s?k=9780316527156&i=stripbooks
9780316537049,,,,https://www.amazon.com/s?k=9780316537049&i=stripbooks
9780316556514,,,,https://www.amazon.com/s?k=9780316556514&i=stripbooks
9780316569934,,,,https://www.amazon.com/s?k=9780316569934&i=stripbooks
9780316574525,,,,https://www.amazon.com/s?k=9780316574525&i=stripbooks
9780316585057,,,,https://www.amazon.com/s?k=9780316585057&i=stripbooks
9780316669412,,,,https://www.amazon.com/s?k=9780316669412&i=stripbooks
9780345514400,,,,https://www.amazon.com/s?k=9780345514400&i=stripbooks
9780345545893,,,,https://www.amazon.com/s?k=9780345545893&i=stripbooks
9780345804853,,,,https://www.amazon.com/s?k=9780345804853&i=stripbooks
9780349132617,,,,https://www.amazon.com/s?k=9780349132617&i=stripbooks
9780374348106,,,,https://www.amazon.com/s?k=9780374348106&i=stripbooks
9780374602048,,,,https://www.amazon.com/s?k=9780374602048&i=stripbooks
9780375802928,,,,https://www.amazon.com/s?k=9780375802928&i=stripbooks
9780375836909,,,,https://www.amazon.com/s?k=9780375836909&i=stripbooks
9780375846847,,,,https://www.amazon.com/s?k=9780375846847&i=stripbooks
9780375860942,,,,https://www.amazon.com/s?k=9780375860942&i=stripbooks
9780375860959,,,,https://www.amazon.com/s?k=9780375860959&i=stripbooks
9780375867309,,,,https://www.amazon.com/s?k=9780375867309&i=stripbooks
9780375870286,,,,https://www.amazon.com/s?k=9780375870286&i=stripbooks
9780375870354,,,,https://www.amazon.com/s?k=9780375870354&i=stripbooks
9780380709182,,,,https://www.amazon.com/s?k=9780380709182&i=stripbooks
9780380709243,,,,https://www.amazon.com/s?k=9780380709243&i=stripbooks
9780380709540,,,,https://www.amazon.com/s?k=9780380709540&i=stripbooks
9780380709601,,,,https://www.amazon.com/s?k=9780380709601&i=stripbooks
9780385333481,,,,https://www.amazon.com/s?k=9780385333481&i=stripbooks
9780385348737,,,,https://www.amazon.com/s?k=9780385348737&i=stripbooks
9780385348744,,,,https://www.amazon.com/s?k=9780385348744&i=stripbooks
9780385545310,,,,https://www.amazon.com/s?k=9780385545310&i=stripbooks
9780385546898,,,,https://www.amazon.com/s?k=9780385546898&i=stripbooks
9780385549370,,,,https://www.amazon.com/s?k=9780385549370&i=stripbooks
9780385549868,,,,https://www.amazon.com/s?k=9780385549868&i=stripbooks
9780385550444,,,,https://www.amazon.com/s?k=9780385550444&i=stripbooks
9780385551281,,,,https://www.amazon.com/s?k=9780385551281&i=stripbooks
9780385738101,,,,https://www.amazon.com/s?k=9780385738101&i=stripbooks
9780385752794,,,,https://www.amazon.com/s?k=9780385752794&i=stripbooks
9780394750590,,,,https://www.amazon.com/s?k=9780394750590&i=stripbooks
9780394800752,,,,https://www.amazon.com/s?k=9780394800752&i=stripbooks
9780394800936,,,,https://www.amazon.com/s?k=9780394800936&i=stripbooks
9780394839127,,,,https://www.amazon.com/s?k=9780394839127&i=stripbooks
9780394871806,,,,https://www.amazon.com/s?k=9780394871806&i=stripbooks
9780394890487,,,,https://www.amazon.com/s?k=9780394890487&i=stripbooks
9780399164033,,,,https://www.amazon.com/s?k=9780399164033&i=stripbooks
9780399244919,,,,https://www.amazon.com/s?k=9780399244919&i=stripbooks
9780399245039,,,,https://www.amazon.com/s?k=9780399245039&i=stripbooks
9780399250651,,,,https://www.amazon.com/s?k=9780399250651&i=stripbooks
9780399256738,,,,https://www.amazon.com/s?k=9780399256738&i=stripbooks
9780399257629,,,,https://www.amazon.com/s?k=9780399257629&i=stripbooks
9780399535796,,,,https://www.amazon.com/s?k=9780399535796&i=stripbooks
9780399545061,,,,https://www.amazon.com/s?k=9780399545061&i=stripbooks
9780399547645,,,,https://www.amazon.com/s?k=9780399547645&i=stripbooks
9780439086974,,,,https://www.amazon.com/s?k=9780439086974&i=stripbooks
9780439087292,,,,https://www.amazon.com/s?k=9780439087292&i=stripbooks
9780439168243,,,,https://www.amazon.com/s?k=9780439168243&i=stripbooks
9780439206389,,,,https://www.amazon.com/s?k=9780439206389&i=stripbooks
9780439231916,,,,https://www.amazon.com/s?k=9780439231916&i=stripbooks
9780439269971,,,,https://www.amazon.com/s?k=9780439269971&i=stripbooks
9780439350846,,,,https://www.amazon.com/s?k=9780439350846&i=stripbooks
9780439398855,,,,https://www.amazon.com/s?k=9780439398855&i=stripbooks
9780439538206,,,,https://www.amazon.com/s?k=9780439538206&i=stripbooks
9780439545617,,,,https://www.amazon.com/s?k=9780439545617&i=stripbooks
9780439545679,,,,https://www.amazon.com/s?k=9780439545679&i=stripbooks
9780439551090,,,,https://www.amazon.com/s?k=9780439551090&i=stripbooks
9780439650762,,,,https://www.amazon.com/s?k=9780439650762&i=stripbooks
9780439661256,,,,https://www.amazon.com/s?k=9780439661256&i=stripbooks
9780439680516,,,,https://www.amazon.com/s?k=9780439680516&i=stripbooks
9780439691383,,,,https://www.amazon.com/s?k=9780439691383&i=stripbooks
9780439693820,,,,https://www.amazon.com/s?k=9780439693820&i=stripbooks
9780439693912,,,,https://www.amazon.com/s?k=9780439693912&i=stripbooks
9780439711210,,,,https://www.amazon.com/s?k=9780439711210&i=stripbooks
9780439731232,,,,https://www.amazon.com/s?k=9780439731232&i=stripbooks
9780439756952,,,,https://www.amazon.com/s?k=9780439756952&i=stripbooks
9780439773751,,,,https://www.amazon.com/s?k=9780439773751&i=stripbooks
9780439773829,,,,https://www.amazon.com/s?k=9780439773829&i=stripbooks
9780439791441,,,,https://www.amazon.com/s?k=9780439791441&i=stripbooks
9780439796446,,,,https://www.amazon.com/s?k=9780439796446&i=stripbooks
9780439798341,,,,https://www.amazon.com/s?k=9780439798341&i=stripbooks
9780439833127,,,,https://www.amazon.com/s?k=9780439833127&i=stripbooks
9780439862271,,,,https://www.amazon.com/s?k=9780439862271&i=stripbooks
9780439871990,,,,https://www.amazon.com/s?k=9780439871990&i=stripbooks
9780439893619,,,,https://www.amazon.com/s?k=9780439893619&i=stripbooks
9780439894036,,,,https://www.amazon.com/s?k=9780439894036&i=stripbooks
9780439894050,,,,https://www.amazon.com/s?k=9780439894050&i=stripbooks
9780439903745,,,,https://www.amazon.com/s?k=9780439903745&i=stripbooks
9780439915311,,,,https://www.amazon.com/s?k=9780439915311&i=stripbooks
9780440180296,,,,https://www.amazon.com/s?k=9780440180296&i=stripbooks
9780440236764,,,,https://www.amazon.com/s?k=9780440236764&i=stripbooks
9780440351832,,,,https://www.amazon.com/s?k=9780440351832&i=stripbooks
9780440416029,,,,https://www.amazon.com/s?k=9780440416029&i=stripbooks
9780440419396,,,,https://www.amazon.com/s?k=9780440419396&i=stripbooks
9780440420477,,,,https://www.amazon.com/s?k=9780440420477&i=stripbooks
9780446569903,,,,https://www.amazon.com/s?k=9780446569903&i=stripbooks
9780448435213,,,,https://www.amazon.com/s?k=9780448435213&i=stripbooks
9780448451091,,,,https://www.amazon.com/s?k=9780448451091&i=stripbooks
9780449813379,,,,https://www.amazon.com/s?k=9780449813379&i=stripbooks
9780449912102,,,,https://www.amazon.com/s?k=9780449912102&i=stripbooks
9780451228307,,,,https://www.amazon.com/s?k=9780451228307&i=stripbooks
9780451418500,,,,https://www.amazon.com/s?k=9780451418500&i=stripbooks
9780451465443,,,,https://www.amazon.com/s?k=9780451465443&i=stripbooks
9780451487742,,,,https://www.amazon.com/s?k=9780451487742&i=stripbooks
9780451495150,,,,https://www.amazon.com/s?k=9780451495150&i=stripbooks
9780451531346,,,,https://www.amazon.com/s?k=9780451531346&i=stripbooks
9780451531704,,,,https://www.amazon.com/s?k=9780451531704&i=stripbooks
9780451533906,,,,https://www.amazon.com/s?k=9780451533906&i=stripbooks
9780451534040,,,,https://www.amazon.com/s?k=9780451534040&i=stripbooks
9780451534057,,,,https://www.amazon.com/s?k=9780451534057&i=stripbooks
9780465024117,,,,https://www.amazon.com/s?k=9780465024117&i=stripbooks
9780470425244,,,,https://www.amazon.com/s?k=9780470425244&i=stripbooks
9780486418353,,,,https://www.amazon.com/s?k=9780486418353&i=stripbooks
9780486426426,,,,https://www.amazon.com/s?k=9780486426426&i=stripbooks
9780516222431,,,,https://www.amazon.com/s?k=9780516222431&i=stripbooks
9780516246673,,,,https://www.amazon.com/s?k=9780516246673&i=stripbooks
9780516261676,,,,https://www.amazon.com/s?k=9780516261676&i=stripbooks
9780516262772,,,,https://www.amazon.com/s?k=9780516262772&i=stripbooks
9780516293752,,,,https://www.amazon.com/s?k=9780516293752&i=stripbooks
9780516460345,,,,https://www.amazon.com/s?k=9780516460345&i=stripbooks
9780525429760,,,,https://www.amazon.com/s?k=9780525429760&i=stripbooks
9780525432227,,,,https://www.amazon.com/s?k=9780525432227&i=stripbooks
9780525434665,,,,https://www.amazon.com/s?k=9780525434665&i=stripbooks
9780525435280,,,,https://www.amazon.com/s?k=9780525435280&i=stripbooks
9780525435655,,,,https://www.amazon.com/s?k=9780525435655&i=stripbooks
9780525515746,,,,https://www.amazon.com/s?k=9780525515746&i=stripbooks
9780525521440,,,,https://www.amazon.com/s?k=9780525521440&i=stripbooks
9780525536963,,,,https://www.amazon.com/s?k=9780525536963&i=stripbooks
9780525552932,,,,https://www.amazon.com/s?k=9780525552932&i=stripbooks
9780525552956,,,,https://www.amazon.com/s?k=9780525552956&i=stripbooks
9780525555919,,,,https://www.amazon.com/s?k=9780525555919&i=stripbooks
9780525555988,,,,https://www.amazon.com/s?k=9780525555988&i=stripbooks
9780525556558,,,,https://www.amazon.com/s?k=9780525556558&i=stripbooks
9780525558989,,,,https://www.amazon.com/s?k=9780525558989&i=stripbooks
9780525567141,,,,https://www.amazon.com/s?k=9780525567141&i=stripbooks
9780525573029,,,,https://www.amazon.com/s?k=9780525573029&i=stripbooks
9780525573067,,,,https://www.amazon.com/s?k=9780525573067&i=stripbooks
9780525574514,,,,https://www.amazon.com/s?k=9780525574514&i=stripbooks
9780525581581,,,,https://www.amazon.com/s?k=9780525581581&i=stripbooks
9780525635567,,,,https://www.amazon.com/s?k=9780525635567&i=stripbooks
9780525707332,,,,https://www.amazon.com/s?k=9780525707332&i=stripbooks
9780525707998,,,,https://www.amazon.com/s?k=9780525707998&i=stripbooks
9780531212059,,,,https://www.amazon.com/s?k=9780531212059&i=stripbooks
9780531218273,,,,https://www.amazon.com/s?k=9780531218273&i=stripbooks
9780531230718,,,,https://www.amazon.com/s?k=9780531230718&i=stripbooks
9780531237007,,,,https://www.amazon.com/s?k=9780531237007&i=stripbooks
9780531252314,,,,https://www.amazon.com/s?k=9780531252314&i=stripbooks
9780531281062,,,,https://www.amazon.com/s?k=9780531281062&i=stripbooks
9780544336261,,,,https://www.amazon.com/s?k=9780544336261&i=stripbooks
9780544570986,,,,https://www.amazon.com/s?k=9780544570986&i=stripbooks
9780544935204,,,,https://www.amazon.com/s?k=9780544935204&i=stripbooks
9780545014472,,,,https://www.amazon.com/s?k=9780545014472&i=stripbooks
9780545029889,,,,https://www.amazon.com/s?k=9780545029889&i=stripbooks
9780545029957,,,,https://www.amazon.com/s?k=9780545029957&i=stripbooks
9780545042475,,,,https://www.amazon.com/s?k=9780545042475&i=stripbooks
9780545068239,,,,https://www.amazon.com/s?k=9780545068239&i=stripbooks
9780545078825,,,,https://www.amazon.com/s?k=9780545078825&i=stripbooks
9780545083690,,,,https://www.amazon.com/s?k=9780545083690&i=stripbooks
9780545088473,,,,https://www.amazon.com/s?k=9780545088473&i=stripbooks
9780545098915,,,,https://www.amazon.com/s?k=9780545098915&i=stripbooks
9780545102704,,,,https://www.amazon.com/s?k=9780545102704&i=stripbooks
9780545108553,,,,https://www.amazon.com/s?k=9780545108553&i=stripbooks
9780545115186,,,,https://www.amazon.com/s?k=9780545115186&i=stripbooks
9780545156677,,,,https://www.amazon.com/s?k=9780545156677&i=stripbooks
9780545175326,,,,https://www.amazon.com/s?k=9780545175326&i=stripbooks
9780545176002,,,,https://www.amazon.com/s?k=9780545176002&i=stripbooks
9780545195713,,,,https://www.amazon.com/s?k=9780545195713&i=stripbooks
9780545208857,,,,https://www.amazon.com/s?k=9780545208857&i=stripbooks
9780545208871,,,,https://www.amazon.com/s?k=9780545208871&i=stripbooks
9780545211185,,,,https://www.amazon.com/s?k=9780545211185&i=stripbooks
9780545215930,,,,https://www.amazon.com/s?k=9780545215930&i=stripbooks
9780545220958,,,,https://www.amazon.com/s?k=9780545220958&i=stripbooks
9780545222365,,,,https://www.amazon.com/s?k=9780545222365&i=stripbooks
9780545225298,,,,https://www.amazon.com/s?k=9780545225298&i=stripbooks
9780545237574,,,,https://www.amazon.com/s?k=9780545237574&i=stripbooks
9780545244701,,,,https://www.amazon.com/s?k=9780545244701&i=stripbooks
9780545245036,,,,https://www.amazon.com/s?k=9780545245036&i=stripbooks
9780545312844,,,,https://www.amazon.com/s?k=9780545312844&i=stripbooks
9780545342520,,,,https://www.amazon.com/s?k=9780545342520&i=stripbooks
9780545344784,,,,https://www.amazon.com/s?k=9780545344784&i=stripbooks
9780545349659,,,,https://www.amazon.com/s?k=9780545349659&i=stripbooks
9780545352239,,,,https://www.amazon.com/s?k=9780545352239&i=stripbooks
9780545365826,,,,https://www.amazon.com/s?k=9780545365826&i=stripbooks
9780545417235,,,,https://www.amazon.com/s?k=9780545417235&i=stripbooks
9780545425599,,,,https://www.amazon.com/s?k=9780545425599&i=stripbooks
9780545436854,,,,https://www.amazon.com/s?k=9780545436854&i=stripbooks
9780545453479,,,,https://www.amazon.com/s?k=9780545453479&i=stripbooks
9780545458184,,,,https://www.amazon.com/s?k=9780545458184&i=stripbooks
9780545538107,,,,https://www.amazon.com/s?k=9780545538107&i=stripbooks
9780545561631,,,,https://www.amazon.com/s?k=9780545561631&i=stripbooks
9780545562089,,,,https://www.amazon.com/s?k=9780545562089&i=stripbooks
9780545605700,,,,https://www.amazon.com/s?k=9780545605700&i=stripbooks
9780545630092,,,,https://www.amazon.com/s?k=9780545630092&i=stripbooks
9780545636315,,,,https://www.amazon.com/s?k=9780545636315&i=stripbooks
9780545642804,,,,https://www.amazon.com/s?k=9780545642804&i=stripbooks
9780545651882,,,,https://www.amazon.com/s?k=9780545651882&i=stripbooks
9780545682442,,,,https://www.amazon.com/s?k=9780545682442&i=stripbooks
9780545683661,,,,https://www.amazon.com/s?k=9780545683661&i=stripbooks
9780545685344,,,,https://www.amazon.com/s?k=9780545685344&i=stripbooks
9780545698306,,,,https://www.amazon.com/s?k=9780545698306&i=stripbooks
9780545698955,,,,https://www.amazon.com/s?k=9780545698955&i=stripbooks
9780545703215,,,,https://www.amazon.com/s?k=9780545703215&i=stripbooks
9780545732796,,,,https://www.amazon.com/s?k=9780545732796&i=stripbooks
9780545733120,,,,https://www.amazon.com/s?k=9780545733120&i=stripbooks
9780545741729,,,,https://www.amazon.com/s?k=9780545741729&i=stripbooks
9780545750332,,,,https://www.amazon.com/s?k=9780545750332&i=stripbooks
9780545750356,,,,https://www.amazon.com/s?k=9780545750356&i=stripbooks
9780545784023,,,,https://www.amazon.com/s?k=9780545784023&i=stripbooks
9780545785044,,,,https://www.amazon.com/s?k=9780545785044&i=stripbooks
9780545795401,,,,https://www.amazon.com/s?k=9780545795401&i=stripbooks
9780545797610,,,,https://www.amazon.com/s?k=9780545797610&i=stripbooks
9780545800723,,,,https://www.amazon.com/s?k=9780545800723&i=stripbooks
9780545814461,,,,https://www.amazon.com/s?k=9780545814461&i=stripbooks
9780545819985,,,,https://www.amazon.com/s?k=9780545819985&i=stripbooks
9780545825030,,,,https://www.amazon.com/s?k=9780545825030&i=stripbooks
9780545828604,,,,https://www.amazon.com/s?k=9780545828604&i=stripbooks
9780545828659,,,,https://www.amazon.com/s?k=9780545828659&i=stripbooks
9780545848619,,,,https://www.amazon.com/s?k=9780545848619&i=stripbooks
9780545856317,,,,https://www.amazon.com/s?k=9780545856317&i=stripbooks
9780545859264,,,,https://www.amazon.com/s?k=9780545859264&i=stripbooks
9780545861243,,,,https://www.amazon.com/s?k=9780545861243&i=stripbooks
9780545861298,,,,https://www.amazon.com/s?k=9780545861298&i=stripbooks
9780545861311,,,,https://www.amazon.com/s?k=9780545861311&i=stripbooks
9780545861359,,,,https://www.amazon.com/s?k=9780545861359&i=stripbooks
9780545861779,,,,https://www.amazon.com/s?k=9780545861779&i=stripbooks
9780545868150,,,,https://www.amazon.com/s?k=9780545868150&i=stripbooks
9780545883795,,,,https://www.amazon.com/s?k=9780545883795&i=stripbooks
9780545886482,,,,https://www.amazon.com/s?k=9780545886482&i=stripbooks
9780545890137,,,,https://www.amazon.com/s?k=9780545890137&i=stripbooks
9780545891387,,,,https://www.amazon.com/s?k=9780545891387&i=stripbooks
9780545919777,,,,https://www.amazon.com/s?k=9780545919777&i=stripbooks
9780545932233,,,,https://www.amazon.com/s?k=9780545932233&i=stripbooks
9780545935340,,,,https://www.amazon.com/s?k=9780545935340&i=stripbooks
9780553384925,,,,https://www.amazon.com/s?k=9780553384925&i=stripbooks
9780553521078,,,,https://www.amazon.com/s?k=9780553521078&i=stripbooks
9780573681578,,,,https://www.amazon.com/s?k=9780573681578&i=stripbooks
9780578295268,,,,https://www.amazon.com/s?k=9780578295268&i=stripbooks
9780590149044,,,,https://www.amazon.com/s?k=9780590149044&i=stripbooks
9780590259453,,,,https://www.amazon.com/s?k=9780590259453&i=stripbooks
9780590262675,,,,https://www.amazon.com/s?k=9780590262675&i=stripbooks
9780590265874,,,,https://www.amazon.com/s?k=9780590265874&i=stripbooks
9780590270489,,,,https://www.amazon.com/s?k=9780590270489&i=stripbooks
9780590275583,,,,https://www.amazon.com/s?k=9780590275583&i=stripbooks
9780590420129,,,,https://www.amazon.com/s?k=9780590420129&i=stripbooks
9780590420426,,,,https://www.amazon.com/s?k=9780590420426&i=stripbooks
9780590432290,,,,https://www.amazon.com/s?k=9780590432290&i=stripbooks
9780590441858,,,,https://www.amazon.com/s?k=9780590441858&i=stripbooks
9780590449724,,,,https://www.amazon.com/s?k=9780590449724&i=stripbooks
9780590456937,,,,https://www.amazon.com/s?k=9780590456937&i=stripbooks
9780590456944,,,,https://www.amazon.com/s?k=9780590456944&i=stripbooks
9780590465717,,,,https://www.amazon.com/s?k=9780590465717&i=stripbooks
9780590471220,,,,https://www.amazon.com/s?k=9780590471220&i=stripbooks
9780590475631,,,,https://www.amazon.com/s?k=9780590475631&i=stripbooks
9780590487719,,,,https://www.amazon.com/s?k=9780590487719&i=stripbooks
9780590642668,,,,https://www.amazon.com/s?k=9780590642668&i=stripbooks
9780590847797,,,,https://www.amazon.com/s?k=9780590847797&i=stripbooks
9780590930031,,,,https://www.amazon.com/s?k=9780590930031&i=stripbooks
9780590931540,,,,https://www.amazon.com/s?k=9780590931540&i=stripbooks
9780590940641,,,,https://www.amazon.com/s?k=9780590940641&i=stripbooks
9780590982078,,,,https://www.amazon.com/s?k=9780590982078&i=stripbooks
9780593081501,,,,https://www.amazon.com/s?k=9780593081501&i=stripbooks
9780593081617,,,,https://www.amazon.com/s?k=9780593081617&i=stripbooks
9780593083888,,,,https://www.amazon.com/s?k=9780593083888&i=stripbooks
9780593084663,,,,https://www.amazon.com/s?k=9780593084663&i=stripbooks
9780593098240,,,,https://www.amazon.com/s?k=9780593098240&i=stripbooks
9780593122518,,,,https://www.amazon.com/s?k=9780593122518&i=stripbooks
9780593122983,,,,https://www.amazon.com/s?k=9780593122983&i=stripbooks
9780593123010,,,,https://www.amazon.com/s?k=9780593123010&i=stripbooks
9780593123102,,,,https://www.amazon.com/s?k=9780593123102&i=stripbooks
9780593123416,,,,https://www.amazon.com/s?k=9780593123416&i=stripbooks
9780593133576,,,,https://www.amazon.com/s?k=9780593133576&i=stripbooks
9780593134092,,,,https://www.amazon.com/s?k=9780593134092&i=stripbooks
9780593135228,,,,https://www.amazon.com/s?k=9780593135228&i=stripbooks
9780593136362,,,,https://www.amazon.com/s?k=9780593136362&i=stripbooks
9780593137642,,,,https://www.amazon.com/s?k=9780593137642&i=stripbooks
9780593138168,,,,https://www.amazon.com/s?k=9780593138168&i=stripbooks
9780593138359,,,,https://www.amazon.com/s?k=9780593138359&i=stripbooks
9780593139158,,,,https://www.amazon.com/s?k=9780593139158&i=stripbooks
9780593174265,,,,https://www.amazon.com/s?k=9780593174265&i=stripbooks
9780593174388,,,,https://www.amazon.com/s?k=9780593174388&i=stripbooks
9780593174715,,,,https://www.amazon.com/s?k=9780593174715&i=stripbooks
9780593176528,,,,https://www.amazon.com/s?k=9780593176528&i=stripbooks
9780593176580,,,,https://www.amazon.com/s?k=9780593176580&i=stripbooks
9780593177761,,,,https://www.amazon.com/s?k=9780593177761&i=stripbooks
9780593180075,,,,https://www.amazon.com/s?k=9780593180075&i=stripbooks
9780593186008,,,,https://www.amazon.com/s?k=9780593186008&i=stripbooks
9780593187524,,,,https://www.amazon.com/s?k=9780593187524&i=stripbooks
9780593189214,,,,https://www.amazon.com/s?k=9780593189214&i=stripbooks
9780593223734,,,,https://www.amazon.com/s?k=9780593223734&i=stripbooks
9780593230381,,,,https://www.amazon.com/s?k=9780593230381&i=stripbooks
9780593230923,,,,https://www.amazon.com/s?k=9780593230923&i=stripbooks
9780593231852,,,,https://www.amazon.com/s?k=9780593231852&i=stripbooks
9780593232866,,,,https://www.amazon.com/s?k=9780593232866&i=stripbooks
9780593233016,,,,https://www.amazon.com/s?k=9780593233016&i=stripbooks
9780593233528,,,,https://www.amazon.com/s?k=9780593233528&i=stripbooks
9780593234839,,,,https://www.amazon.com/s?k=9780593234839&i=stripbooks
9780593235508,,,,https://www.amazon.com/s?k=9780593235508&i=stripbooks
9780593238684,,,,https://www.amazon.com/s?k=9780593238684&i=stripbooks
9780593243091,,,,https://www.amazon.com/s?k=9780593243091&i=stripbooks
9780593244036,,,,https://www.amazon.com/s?k=9780593244036&i=stripbooks
9780593297063,,,,https://www.amazon.com/s?k=9780593297063&i=stripbooks
9780593298589,,,,https://www.amazon.com/s?k=9780593298589&i=stripbooks
9780593299531,,,,https://www.amazon.com/s?k=9780593299531&i=stripbooks
9780593308257,,,,https://www.amazon.com/s?k=9780593308257&i=stripbooks
9780593310083,,,,https://www.amazon.com/s?k=9780593310083&i=stripbooks
9780593311806,,,,https://www.amazon.com/s?k=9780593311806&i=stripbooks
9780593335666,,,,https://www.amazon.com/s?k=9780593335666&i=stripbooks
9780593349922,,,,https://www.amazon.com/s?k=9780593349922&i=stripbooks
9780593355442,,,,https://www.amazon.com/s?k=9780593355442&i=stripbooks
9780593357286,,,,https://www.amazon.com/s?k=9780593357286&i=stripbooks
9780593357378,,,,https://www.amazon.com/s?k=9780593357378&i=stripbooks
9780593374207,,,,https://www.amazon.com/s?k=9780593374207&i=stripbooks
9780593375228,,,,https://www.amazon.com/s?k=9780593375228&i=stripbooks
9780593377727,,,,https://www.amazon.com/s?k=9780593377727&i=stripbooks
9780593379608,,,,https://www.amazon.com/s?k=9780593379608&i=stripbooks
9780593379639,,,,https://www.amazon.com/s?k=9780593379639&i=stripbooks
9780593379882,,,,https://www.amazon.com/s?k=9780593379882&i=stripbooks
9780593405888,,,,https://www.amazon.com/s?k=9780593405888&i=stripbooks
9780593418574,,,,https://www.amazon.com/s?k=9780593418574&i=stripbooks
9780593421338,,,,https://www.amazon.com/s?k=9780593421338&i=stripbooks
9780593421536,,,,https://www.amazon.com/s?k=9780593421536&i=stripbooks
9780593422434,,,,https://www.amazon.com/s?k=9780593422434&i=stripbooks
9780593422878,,,,https://www.amazon.com/s?k=9780593422878&i=stripbooks
9780593425787,,,,https://www.amazon.com/s?k=9780593425787&i=stripbooks
9780593426869,,,,https://www.amazon.com/s?k=9780593426869&i=stripbooks
9780593429730,,,,https://www.amazon.com/s?k=9780593429730&i=stripbooks
9780593429778,,,,https://www.amazon.com/s?k=9780593429778&i=stripbooks
9780593434611,,,,https://www.amazon.com/s?k=9780593434611&i=stripbooks
9780593438060,,,,https://www.amazon.com/s?k=9780593438060&i=stripbooks
9780593441077,,,,https://www.amazon.com/s?k=9780593441077&i=stripbooks
9780593447666,,,,https://www.amazon.com/s?k=9780593447666&i=stripbooks
9780593448977,,,,https://www.amazon.com/s?k=9780593448977&i=stripbooks
9780593462553,,,,https://www.amazon.com/s?k=9780593462553&i=stripbooks
9780593467732,,,,https://www.amazon.com/s?k=9780593467732&i=stripbooks
9780593468463,,,,https://www.amazon.com/s?k=9780593468463&i=stripbooks
9780593468630,,,,https://www.amazon.com/s?k=9780593468630&i=stripbooks
9780593480335,,,,https://www.amazon.com/s?k=9780593480335&i=stripbooks
9780593481493,,,,https://www.amazon.com/s?k=9780593481493&i=stripbooks
9780593486283,,,,https://www.amazon.com/s?k=9780593486283&i=stripbooks
9780593486955,,,,https://www.amazon.com/s?k=9780593486955&i=stripbooks
9780593488096,,,,https://www.amazon.com/s?k=9780593488096&i=stripbooks
9780593489727,,,,https://www.amazon.com/s?k=9780593489727&i=stripbooks
9780593492222,,,,https://www.amazon.com/s?k=9780593492222&i=stripbooks
9780593493908,,,,https://www.amazon.com/s?k=9780593493908&i=stripbooks
9780593497678,,,,https://www.amazon.com/s?k=9780593497678&i=stripbooks
9780593512845,,,,https://www.amazon.com/s?k=9780593512845&i=stripbooks
9780593513095,,,,https://www.amazon.com/s?k=9780593513095&i=stripbooks
9780593517444,,,,https://www.amazon.com/s?k=9780593517444&i=stripbooks
9780593519264,,,,https://www.amazon.com/s?k=9780593519264&i=stripbooks
9780593521656,,,,https://www.amazon.com/s?k=9780593521656&i=stripbooks
9780593521731,,,,https://www.amazon.com/s?k=9780593521731&i=stripbooks
9780593522004,,,,https://www.amazon.com/s?k=9780593522004&i=stripbooks
9780593522615,,,,https://www.amazon.com/s?k=9780593522615&i=stripbooks
9780593523629,,,,https://www.amazon.com/s?k=9780593523629&i=stripbooks
9780593527047,,,,https://www.amazon.com/s?k=9780593527047&i=stripbooks
9780593527177,,,,https://www.amazon.com/s?k=9780593527177&i=stripbooks
9780593527184,,,,https://www.amazon.com/s?k=9780593527184&i=stripbooks
9780593527191,,,,https://www.amazon.com/s?k=9780593527191&i=stripbooks
9780593527207,,,,https://www.amazon.com/s?k=9780593527207&i=stripbooks
9780593527214,,,,https://www.amazon.com/s?k=9780593527214&i=stripbooks
9780593527221,,,,https://www.amazon.com/s?k=9780593527221&i=stripbooks
9780593528655,,,,https://www.amazon.com/s?k=9780593528655&i=stripbooks
9780593540749,,,,https://www.amazon.com/s?k=9780593540749&i=stripbooks
9780593541364,,,,https://www.amazon.com/s?k=9780593541364&i=stripbooks
9780593542927,,,,https://www.amazon.com/s?k=9780593542927&i=stripbooks
9780593543610,,,,https://www.amazon.com/s?k=9780593543610&i=stripbooks
9780593544006,,,,https://www.amazon.com/s?k=9780593544006&i=stripbooks
9780593544891,,,,https://www.amazon.com/s?k=9780593544891&i=stripbooks
9780593545171,,,,https://www.amazon.com/s?k=9780593545171&i=stripbooks
9780593549551,,,,https://www.amazon.com/s?k=9780593549551&i=stripbooks
9780593549575,,,,https://www.amazon.com/s?k=9780593549575&i=stripbooks
9780593563076,,,,https://www.amazon.com/s?k=9780593563076&i=stripbooks
9780593563106,,,,https://www.amazon.com/s?k=9780593563106&i=stripbooks
9780593566718,,,,https://www.amazon.com/s?k=9780593566718&i=stripbooks
9780593566794,,,,https://www.amazon.com/s?k=9780593566794&i=stripbooks
9780593566916,,,,https://www.amazon.com/s?k=9780593566916&i=stripbooks
9780593569047,,,,https://www.amazon.com/s?k=9780593569047&i=stripbooks
9780593570357,,,,https://www.amazon.com/s?k=9780593570357&i=stripbooks
9780593578124,,,,https://www.amazon.com/s?k=9780593578124&i=stripbooks
9780593580141,,,,https://www.amazon.com/s?k=9780593580141&i=stripbooks
9780593580806,,,,https://www.amazon.com/s?k=9780593580806&i=stripbooks
9780593581490,,,,https://www.amazon.com/s?k=9780593581490&i=stripbooks
9780593581940,,,,https://www.amazon.com/s?k=9780593581940&i=stripbooks
9780593582015,,,,https://www.amazon.com/s?k=9780593582015&i=stripbooks
9780593582381,,,,https://www.amazon.com/s?k=9780593582381&i=stripbooks
9780593582398,,,,https://www.amazon.com/s?k=9780593582398&i=stripbooks
9780593582404,,,,https://www.amazon.com/s?k=9780593582404&i=stripbooks
9780593582428,,,,https://www.amazon.com/s?k=9780593582428&i=stripbooks
9780593582435,,,,https://www.amazon.com/s?k=9780593582435&i=stripbooks
9780593595442,,,,https://www.amazon.com/s?k=9780593595442&i=stripbooks
9780593615706,,,,https://www.amazon.com/s?k=9780593615706&i=stripbooks
9780593621028,,,,https://www.amazon.com/s?k=9780593621028&i=stripbooks
9780593621776,,,,https://www.amazon.com/s?k=9780593621776&i=stripbooks
9780593621967,,,,https://www.amazon.com/s?k=9780593621967&i=stripbooks
9780593622360,,,,https://www.amazon.com/s?k=9780593622360&i=stripbooks
9780593624531,,,,https://www.amazon.com/s?k=9780593624531&i=stripbooks
9780593643792,,,,https://www.amazon.com/s?k=9780593643792&i=stripbooks
9780593643938,,,,https://www.amazon.com/s?k=9780593643938&i=stripbooks
9780593643945,,,,https://www.amazon.com/s?k=9780593643945&i=stripbooks
9780593643952,,,,https://www.amazon.com/s?k=9780593643952&i=stripbooks
9780593644560,,,,https://www.amazon.com/s?k=9780593644560&i=stripbooks
9780593644591,,,,https://www.amazon.com/s?k=9780593644591&i=stripbooks
9780593645772,,,,https://www.amazon.com/s?k=9780593645772&i=stripbooks
9780593648360,,,,https://www.amazon.com/s?k=9780593648360&i=stripbooks
9780593650899,,,,https://www.amazon.com/s?k=9780593650899&i=stripbooks
9780593654705,,,,https://www.amazon.com/s?k=9780593654705&i=stripbooks
9780593654712,,,,https://www.amazon.com/s?k=9780593654712&i=stripbooks
9780593654729,,,,https://www.amazon.com/s?k=9780593654729&i=stripbooks
9780593655115,,,,https://www.amazon.com/s?k=9780593655115&i=stripbooks
9780593655733,,,,https://www.amazon.com/s?k=9780593655733&i=stripbooks
9780593658925,,,,https://www.amazon.com/s?k=9780593658925&i=stripbooks
9780593660324,,,,https://www.amazon.com/s?k=9780593660324&i=stripbooks
9780593660348,,,,https://www.amazon.com/s?k=9780593660348&i=stripbooks
9780593661246,,,,https://www.amazon.com/s?k=9780593661246&i=stripbooks
9780593661277,,,,https://www.amazon.com/s?k=9780593661277&i=stripbooks
9780593685280,,,,https://www.amazon.com/s?k=9780593685280&i=stripbooks
9780593688434,,,,https://www.amazon.com/s?k=9780593688434&i=stripbooks
9780593689585,,,,https://www.amazon.com/s?k=9780593689585&i=stripbooks
9780593691618,,,,https://www.amazon.com/s?k=9780593691618&i=stripbooks
9780593694015,,,,https://www.amazon.com/s?k=9780593694015&i=stripbooks
9780593699263,,,,https://www.amazon.com/s?k=9780593699263&i=stripbooks
9780593703403,,,,https://www.amazon.com/s?k=9780593703403&i=stripbooks
9780593704950,,,,https://www.amazon.com/s?k=9780593704950&i=stripbooks
9780593705759,,,,https://www.amazon.com/s?k=9780593705759&i=stripbooks
9780593706275,,,,https://www.amazon.com/s?k=9780593706275&i=stripbooks
9780593706305,,,,https://www.amazon.com/s?k=9780593706305&i=stripbooks
9780593707562,,,,https://www.amazon.com/s?k=9780593707562&i=stripbooks
9780593707791,,,,https://www.amazon.com/s?k=9780593707791&i=stripbooks
9780593708712,,,,https://www.amazon.com/s?k=9780593708712&i=stripbooks
9780593709979,,,,https://www.amazon.com/s?k=9780593709979&i=stripbooks
9780593710388,,,,https://www.amazon.com/s?k=9780593710388&i=stripbooks
9780593710586,,,,https://www.amazon.com/s?k=9780593710586&i=stripbooks
9780593712382,,,,https://www.amazon.com/s?k=9780593712382&i=stripbooks
9780593712641,,,,https://www.amazon.com/s?k=9780593712641&i=stripbooks
9780593713020,,,,https://www.amazon.com/s?k=9780593713020&i=stripbooks
9780593713082,,,,https://www.amazon.com/s?k=9780593713082&i=stripbooks
9780593714089,,,,https://www.amazon.com/s?k=9780593714089&i=stripbooks
9780593714379,,,,https://www.amazon.com/s?k=9780593714379&i=stripbooks
9780593715529,,,,https://www.amazon.com/s?k=9780593715529&i=stripbooks
9780593715543,,,,https://www.amazon.com/s?k=9780593715543&i=stripbooks
9780593716236,,,,https://www.amazon.com/s?k=9780593716236&i=stripbooks
9780593717684,,,,https://www.amazon.com/s?k=9780593717684&i=stripbooks
9780593717790,,,,https://www.amazon.com/s?k=9780593717790&i=stripbooks
9780593718322,,,,https://www.amazon.com/s?k=9780593718322&i=stripbooks
9780593722633,,,,https://www.amazon.com/s?k=9780593722633&i=stripbooks
9780593723692,,,,https://www.amazon.com/s?k=9780593723692&i=stripbooks
9780593728161,,,,https://www.amazon.com/s?k=9780593728161&i=stripbooks
9780593729281,,,,https://www.amazon.com/s?k=9780593729281&i=stripbooks
9780593730249,,,,https://www.amazon.com/s?k=9780593730249&i=stripbooks
9780593732250,,,,https://www.amazon.com/s?k=9780593732250&i=stripbooks
9780593733479,,,,https://www.amazon.com/s?k=9780593733479&i=stripbooks
9780593750544,,,,https://www.amazon.com/s?k=9780593750544&i=stripbooks
9780593751831,,,,https://www.amazon.com/s?k=9780593751831&i=stripbooks
9780593796801,,,,https://www.amazon.com/s?k=9780593796801&i=stripbooks
9780593799031,,,,https://www.amazon.com/s?k=9780593799031&i=stripbooks
9780593799581,,,,https://www.amazon.com/s?k=9780593799581&i=stripbooks
9780593800102,,,,https://www.amazon.com/s?k=9780593800102&i=stripbooks
9780593800737,,,,https://www.amazon.com/s?k=9780593800737&i=stripbooks
9780593801307,,,,https://www.amazon.com/s?k=9780593801307&i=stripbooks
9780593807989,,,,https://www.amazon.com/s?k=9780593807989&i=stripbooks
9780593809242,,,,https://www.amazon.com/s?k=9780593809242&i=stripbooks
9780593809860,,,,https://www.amazon.com/s?k=9780593809860&i=stripbooks
9780593813355,,,,https://www.amazon.com/s?k=9780593813355&i=stripbooks
9780593813546,,,,https://www.amazon.com/s?k=9780593813546&i=stripbooks
9780593814222,,,,https://www.amazon.com/s?k=9780593814222&i=stripbooks
9780593816134,,,,https://www.amazon.com/s?k=9780593816134&i=stripbooks
9780593816837,,,,https://www.amazon.com/s?k=9780593816837&i=stripbooks
9780593818459,,,,https://www.amazon.com/s?k=9780593818459&i=stripbooks
9780593831236,,,,https://www.amazon.com/s?k=9780593831236&i=stripbooks
9780593831243,,,,https://www.amazon.com/s?k=9780593831243&i=stripbooks
9780593833575,,,,https://www.amazon.com/s?k=9780593833575&i=stripbooks
9780593834510,,,,https://www.amazon.com/s?k=9780593834510&i=stripbooks
9780593834862,,,,https://www.amazon.com/s?k=9780593834862&i=stripbooks
9780593850671,,,,https://www.amazon.com/s?k=9780593850671&i=stripbooks
9780593852255,,,,https://www.amazon.com/s?k=9780593852255&i=stripbooks
9780593852507,,,,https://www.amazon.com/s?k=9780593852507&i=stripbooks
9780593854020,,,,https://www.amazon.com/s?k=9780593854020&i=stripbooks
9780593854051,,,,https://www.amazon.com/s?k=9780593854051&i=stripbooks
9780593855720,,,,https://www.amazon.com/s?k=9780593855720&i=stripbooks
9780593855942,,,,https://www.amazon.com/s?k=9780593855942&i=stripbooks
9780593857243,,,,https://www.amazon.com/s?k=9780593857243&i=stripbooks
9780593871461,,,,https://www.amazon.com/s?k=9780593871461&i=stripbooks
9780593871478,,,,https://www.amazon.com/s?k=9780593871478&i=stripbooks
9780593871485,,,,https://www.amazon.com/s?k=9780593871485&i=stripbooks
9780593874707,,,,https://www.amazon.com/s?k=9780593874707&i=stripbooks
9780593874721,,,,https://www.amazon.com/s?k=9780593874721&i=stripbooks
9780593887936,,,,https://www.amazon.com/s?k=9780593887936&i=stripbooks
9780593888025,,,,https://www.amazon.com/s?k=9780593888025&i=stripbooks
9780593889091,,,,https://www.amazon.com/s?k=9780593889091&i=stripbooks
9780593889404,,,,https://www.amazon.com/s?k=9780593889404&i=stripbooks
9780593890196,,,,https://www.amazon.com/s?k=9780593890196&i=stripbooks
9780593897614,,,,https://www.amazon.com/s?k=9780593897614&i=stripbooks
9780593898284,,,,https://www.amazon.com/s?k=9780593898284&i=stripbooks
9780593898611,,,,https://www.amazon.com/s?k=9780593898611&i=stripbooks
9780593898758,,,,https://www.amazon.com/s?k=9780593898758&i=stripbooks
9780593899083,,,,https://www.amazon.com/s?k=9780593899083&i=stripbooks
9780593899557,,,,https://www.amazon.com/s?k=9780593899557&i=stripbooks
9780593900390,,,,https://www.amazon.com/s?k=9780593900390&i=stripbooks
9780593900734,,,,https://www.amazon.com/s?k=9780593900734&i=stripbooks
9780593901779,,,,https://www.amazon.com/s?k=9780593901779&i=stripbooks
9780593902165,,,,https://www.amazon.com/s?k=9780593902165&i=stripbooks
9780593902677,,,,https://www.amazon.com/s?k=9780593902677&i=stripbooks
9780593902691,,,,https://www.amazon.com/s?k=9780593902691&i=stripbooks
9780593956731,,,,https://www.amazon.com/s?k=9780593956731&i=stripbooks
9780593972434,,,,https://www.amazon.com/s?k=9780593972434&i=stripbooks
9780593973783,,,,https://www.amazon.com/s?k=9780593973783&i=stripbooks
9780593977309,,,,https://www.amazon.com/s?k=9780593977309&i=stripbooks
9780593977620,,,,https://www.amazon.com/s?k=9780593977620&i=stripbooks
9780593978511,,,,https://www.amazon.com/s?k=9780593978511&i=stripbooks
9780593983249,,,,https://www.amazon.com/s?k=9780593983249&i=stripbooks
9780593983256,,,,https://www.amazon.com/s?k=9780593983256&i=stripbooks
9780593983515,,,,https://www.amazon.com/s?k=9780593983515&i=stripbooks
9780593983522,,,,https://www.amazon.com/s?k=9780593983522&i=stripbooks
9780593983539,,,,https://www.amazon.com/s?k=9780593983539&i=stripbooks
9780593994191,,,,https://www.amazon.com/s?k=9780593994191&i=stripbooks
9780679729655,,,,https://www.amazon.com/s?k=9780679729655&i=stripbooks
9780679775430,,,,https://www.amazon.com/s?k=9780679775430&i=stripbooks
9780679838869,,,,https://www.amazon.com/s?k=9780679838869&i=stripbooks
9780679844075,,,,https://www.amazon.com/s?k=9780679844075&i=stripbooks
9780679863748,,,,https://www.amazon.com/s?k=9780679863748&i=stripbooks
9780679877615,,,,https://www.amazon.com/s?k=9780679877615&i=stripbooks
9780679887386,,,,https://www.amazon.com/s?k=9780679887386&i=stripbooks
9780679891154,,,,https://www.amazon.com/s?k=9780679891154&i=stripbooks
9780689806278,,,,https://www.amazon.com/s?k=9780689806278&i=stripbooks
9780691169309,,,,https://www.amazon.com/s?k=9780691169309&i=stripbooks
9780692189030,,,,https://www.amazon.com/s?k=9780692189030&i=stripbooks
9780692617700,,,,https://www.amazon.com/s?k=9780692617700&i=stripbooks
9780694007097,,,,https://www.amazon.com/s?k=9780694007097&i=stripbooks
9780718086923,,,,https://www.amazon.com/s?k=9780718086923&i=stripbooks
9780718087166,,,,https://www.amazon.com/s?k=9780718087166&i=stripbooks
9780718091866,,,,https://www.amazon.com/s?k=9780718091866&i=stripbooks
9780721426235,,,,https://www.amazon.com/s?k=9780721426235&i=stripbooks
9780723247739,,,,https://www.amazon.com/s?k=9780723247739&i=stripbooks
9780735217966,,,,https://www.amazon.com/s?k=9780735217966&i=stripbooks
9780735231535,,,,https://www.amazon.com/s?k=9780735231535&i=stripbooks
9780735267893,,,,https://www.amazon.com/s?k=9780735267893&i=stripbooks
9780743215992,,,,https://www.amazon.com/s?k=9780743215992&i=stripbooks
9780744028638,,,,https://www.amazon.com/s?k=9780744028638&i=stripbooks
9780761151135,,,,https://www.amazon.com/s?k=9780761151135&i=stripbooks
9780761158431,,,,https://www.amazon.com/s?k=9780761158431&i=stripbooks
9780762463541,,,,https://www.amazon.com/s?k=9780762463541&i=stripbooks
9780762491483,,,,https://www.amazon.com/s?k=9780762491483&i=stripbooks
9780763679224,,,,https://www.amazon.com/s?k=9780763679224&i=stripbooks
9780763680893,,,,https://www.amazon.com/s?k=9780763680893&i=stripbooks
9780765350374,,,,https://www.amazon.com/s?k=9780765350374&i=stripbooks
9780765378583,,,,https://www.amazon.com/s?k=9780765378583&i=stripbooks
9780770436698,,,,https://www.amazon.com/s?k=9780770436698&i=stripbooks
9780778387909,,,,https://www.amazon.com/s?k=9780778387909&i=stripbooks
9780781810661,,,,https://www.amazon.com/s?k=9780781810661&i=stripbooks
9780785294771,,,,https://www.amazon.com/s?k=9780785294771&i=stripbooks
9780786836512,,,,https://www.amazon.com/s?k=9780786836512&i=stripbooks
9780789348418,,,,https://www.amazon.com/s?k=9780789348418&i=stripbooks
9780789348494,,,,https://www.amazon.com/s?k=9780789348494&i=stripbooks
9780789348630,,,,https://www.amazon.com/s?k=9780789348630&i=stripbooks
9780790613390,,,,https://www.amazon.com/s?k=9780790613390&i=stripbooks
9780792266709,,,,https://www.amazon.com/s?k=9780792266709&i=stripbooks
9780804185622,,,,https://www.amazon.com/s?k=9780804185622&i=stripbooks
9780807017708,,,,https://www.amazon.com/s?k=9780807017708&i=stripbooks
9780812982046,,,,https://www.amazon.com/s?k=9780812982046&i=stripbooks
9780812983043,,,,https://www.amazon.com/s?k=9780812983043&i=stripbooks
9780823443475,,,,https://www.amazon.com/s?k=9780823443475&i=stripbooks
9780823446865,,,,https://www.amazon.com/s?k=9780823446865&i=stripbooks
9780823446896,,,,https://www.amazon.com/s?k=9780823446896&i=stripbooks
9780823446902,,,,https://www.amazon.com/s?k=9780823446902&i=stripbooks
9780823446919,,,,https://www.amazon.com/s?k=9780823446919&i=stripbooks
9780823446926,,,,https://www.amazon.com/s?k=9780823446926&i=stripbooks
9780823449644,,,,https://www.amazon.com/s?k=9780823449644&i=stripbooks
9780823451845,,,,https://www.amazon.com/s?k=9780823451845&i=stripbooks
9780843139938,,,,https://www.amazon.com/s?k=9780843139938&i=stripbooks
9780876145463,,,,https://www.amazon.com/s?k=9780876145463&i=stripbooks
9780883880524,,,,https://www.amazon.com/s?k=9780883880524&i=stripbooks
9780884483090,,,,https://www.amazon.com/s?k=9780884483090&i=stripbooks
9780887437052,,,,https://www.amazon.com/s?k=9780887437052&i=stripbooks
9780887437069,,,,https://www.amazon.com/s?k=9780887437069&i=stripbooks
9781081293239,,,,https://www.amazon.com/s?k=9781081293239&i=stripbooks
9781101932421,,,,https://www.amazon.com/s?k=9781101932421&i=stripbooks
9781105567599,,,,https://www.amazon.com/s?k=9781105567599&i=stripbooks
9781119868569,,,,https://www.amazon.com/s?k=9781119868569&i=stripbooks
9781152825628,,,,https://www.amazon.com/s?k=9781152825628&i=stripbooks
9781157445340,,,,https://www.amazon.com/s?k=9781157445340&i=stripbooks
9781157775942,,,,https://www.amazon.com/s?k=9781157775942&i=stripbooks
9781250095299,,,,https://www.amazon.com/s?k=9781250095299&i=stripbooks
9781250166548,,,,https://www.amazon.com/s?k=9781250166548&i=stripbooks
9781250209764,,,,https://www.amazon.com/s?k=9781250209764&i=stripbooks
9781250209788,,,,https://www.amazon.com/s?k=9781250209788&i=stripbooks
9781250217431,,,,https://www.amazon.com/s?k=9781250217431&i=stripbooks
9781250223180,,,,https://www.amazon.com/s?k=9781250223180&i=stripbooks
9781250301703,,,,https://www.amazon.com/s?k=9781250301703&i=stripbooks
9781250348838,,,,https://www.amazon.com/s?k=9781250348838&i=stripbooks
9781250757319,,,,https://www.amazon.com/s?k=9781250757319&i=stripbooks
9781250802729,,,,https://www.amazon.com/s?k=9781250802729&i=stripbooks
9781250819352,,,,https://www.amazon.com/s?k=9781250819352&i=stripbooks
9781250842725,,,,https://www.amazon.com/s?k=9781250842725&i=stripbooks
9781250850553,,,,https://www.amazon.com/s?k=9781250850553&i=stripbooks
9781250860019,,,,https://www.amazon.com/s?k=9781250860019&i=stripbooks
9781250866455,,,,https://www.amazon.com/s?k=9781250866455&i=stripbooks
9781250899668,,,,https://www.amazon.com/s?k=9781250899668&i=stripbooks
9781250899699,,,,https://www.amazon.com/s?k=9781250899699&i=stripbooks
9781250899712,,,,https://www.amazon.com/s?k=9781250899712&i=stripbooks
9781257771974,,,,https://www.amazon.com/s?k=9781257771974&i=stripbooks
9781302930288,,,,https://www.amazon.com/s?k=9781302930288&i=stripbooks
9781302932152,,,,https://www.amazon.com/s?k=9781302932152&i=stripbooks
9781302934729,,,,https://www.amazon.com/s?k=9781302934729&i=stripbooks
9781302946562,,,,https://www.amazon.com/s?k=9781302946562&i=stripbooks
9781302948078,,,,https://www.amazon.com/s?k=9781302948078&i=stripbooks
9781302948542,,,,https://www.amazon.com/s?k=9781302948542&i=stripbooks
9781302957179,,,,https://www.amazon.com/s?k=9781302957179&i=stripbooks
9781302960995,,,,https://www.amazon.com/s?k=9781302960995&i=stripbooks
9781328714329,,,,https://www.amazon.com/s?k=9781328714329&i=stripbooks
9781331423577,,,,https://www.amazon.com/s?k=9781331423577&i=stripbooks
9781335424921,,,,https://www.amazon.com/s?k=9781335424921&i=stripbooks
9781338030310,,,,https://www.amazon.com/s?k=9781338030310&i=stripbooks
9781338042887,,,,https://www.amazon.com/s?k=9781338042887&i=stripbooks
9781338045840,,,,https://www.amazon.com/s?k=9781338045840&i=stripbooks
9781338047257,,,,https://www.amazon.com/s?k=9781338047257&i=stripbooks
9781338048704,,,,https://www.amazon.com/s?k=9781338048704&i=stripbooks
9781338053807,,,,https://www.amazon.com/s?k=9781338053807&i=stripbooks
9781338054675,,,,https://www.amazon.com/s?k=9781338054675&i=stripbooks
9781338089905,,,,https://www.amazon.com/s?k=9781338089905&i=stripbooks
9781338099195,,,,https://www.amazon.com/s?k=9781338099195&i=stripbooks
9781338117509,,,,https://www.amazon.com/s?k=9781338117509&i=stripbooks
9781338118155,,,,https://www.amazon.com/s?k=9781338118155&i=stripbooks
9781338118452,,,,https://www.amazon.com/s?k=9781338118452&i=stripbooks
9781338118513,,,,https://www.amazon.com/s?k=9781338118513&i=stripbooks
9781338121186,,,,https://www.amazon.com/s?k=9781338121186&i=stripbooks
9781338121803,,,,https://www.amazon.com/s?k=9781338121803&i=stripbooks
9781338121827,,,,https://www.amazon.com/s?k=9781338121827&i=stripbooks
9781338129342,,,,https://www.amazon.com/s?k=9781338129342&i=stripbooks
9781338130201,,,,https://www.amazon.com/s?k=9781338130201&i=stripbooks
9781338137200,,,,https://www.amazon.com/s?k=9781338137200&i=stripbooks
9781338141580,,,,https://www.amazon.com/s?k=9781338141580&i=stripbooks
9781338151749,,,,https://www.amazon.com/s?k=9781338151749&i=stripbooks
9781338158892,,,,https://www.amazon.com/s?k=9781338158892&i=stripbooks
9781338158908,,,,https://www.amazon.com/s?k=9781338158908&i=stripbooks
9781338159172,,,,https://www.amazon.com/s?k=9781338159172&i=stripbooks
9781338159356,,,,https://www.amazon.com/s?k=9781338159356&i=stripbooks
9781338159653,,,,https://www.amazon.com/s?k=9781338159653&i=stripbooks
9781338166484,,,,https://www.amazon.com/s?k=9781338166484&i=stripbooks
9781338180633,,,,https://www.amazon.com/s?k=9781338180633&i=stripbooks
9781338187779,,,,https://www.amazon.com/s?k=9781338187779&i=stripbooks
9781338187793,,,,https://www.amazon.com/s?k=9781338187793&i=stripbooks
9781338187816,,,,https://www.amazon.com/s?k=9781338187816&i=stripbooks
9781338208672,,,,https://www.amazon.com/s?k=9781338208672&i=stripbooks
9781338208696,,,,https://www.amazon.com/s?k=9781338208696&i=stripbooks
9781338210194,,,,https://www.amazon.com/s?k=9781338210194&i=stripbooks
9781338210224,,,,https://www.amazon.com/s?k=9781338210224&i=stripbooks
9781338214512,,,,https://www.amazon.com/s?k=9781338214512&i=stripbooks
9781338214581,,,,https://www.amazon.com/s?k=9781338214581&i=stripbooks
9781338215243,,,,https://www.amazon.com/s?k=9781338215243&i=stripbooks
9781338232172,,,,https://www.amazon.com/s?k=9781338232172&i=stripbooks
9781338233148,,,,https://www.amazon.com/s?k=9781338233148&i=stripbooks
9781338233414,,,,https://www.amazon.com/s?k=9781338233414&i=stripbooks
9781338233537,,,,https://www.amazon.com/s?k=9781338233537&i=stripbooks
9781338233551,,,,https://www.amazon.com/s?k=9781338233551&i=stripbooks
9781338233582,,,,https://www.amazon.com/s?k=9781338233582&i=stripbooks
9781338233605,,,,https://www.amazon.com/s?k=9781338233605&i=stripbooks
9781338237917,,,,https://www.amazon.com/s?k=9781338237917&i=stripbooks
9781338239553,,,,https://www.amazon.com/s?k=9781338239553&i=stripbooks
9781338239904,,,,https://www.amazon.com/s?k=9781338239904&i=stripbooks
9781338239911,,,,https://www.amazon.com/s?k=9781338239911&i=stripbooks
9781338239935,,,,https://www.amazon.com/s?k=9781338239935&i=stripbooks
9781338239942,,,,https://www.amazon.com/s?k=9781338239942&i=stripbooks
9781338239959,,,,https://www.amazon.com/s?k=9781338239959&i=stripbooks
9781338239966,,,,https://www.amazon.com/s?k=9781338239966&i=stripbooks
9781338253771,,,,https://www.amazon.com/s?k=9781338253771&i=stripbooks
9781338253788,,,,https://www.amazon.com/s?k=9781338253788&i=stripbooks
9781338262513,,,,https://www.amazon.com/s?k=9781338262513&i=stripbooks
9781338268539,,,,https://www.amazon.com/s?k=9781338268539&i=stripbooks
9781338269017,,,,https://www.amazon.com/s?k=9781338269017&i=stripbooks
9781338269055,,,,https://www.amazon.com/s?k=9781338269055&i=stripbooks
9781338273298,,,,https://www.amazon.com/s?k=9781338273298&i=stripbooks
9781338274035,,,,https://www.amazon.com/s?k=9781338274035&i=stripbooks
9781338281613,,,,https://www.amazon.com/s?k=9781338281613&i=stripbooks
9781338284263,,,,https://www.amazon.com/s?k=9781338284263&i=stripbooks
9781338284324,,,,https://www.amazon.com/s?k=9781338284324&i=stripbooks
9781338285260,,,,https://www.amazon.com/s?k=9781338285260&i=stripbooks
9781338295207,,,,https://www.amazon.com/s?k=9781338295207&i=stripbooks
9781338297003,,,,https://www.amazon.com/s?k=9781338297003&i=stripbooks
9781338299298,,,,https://www.amazon.com/s?k=9781338299298&i=stripbooks
9781338299496,,,,https://www.amazon.com/s?k=9781338299496&i=stripbooks
9781338299519,,,,https://www.amazon.com/s?k=9781338299519&i=stripbooks
9781338299564,,,,https://www.amazon.com/s?k=9781338299564&i=stripbooks
9781338300710,,,,https://www.amazon.com/s?k=9781338300710&i=stripbooks
9781338300802,,,,https://www.amazon.com/s?k=9781338300802&i=stripbooks
9781338311488,,,,https://www.amazon.com/s?k=9781338311488&i=stripbooks
9781338312249,,,,https://www.amazon.com/s?k=9781338312249&i=stripbooks
9781338322965,,,,https://www.amazon.com/s?k=9781338322965&i=stripbooks
9781338322972,,,,https://www.amazon.com/s?k=9781338322972&i=stripbooks
9781338327144,,,,https://www.amazon.com/s?k=9781338327144&i=stripbooks
9781338328608,,,,https://www.amazon.com/s?k=9781338328608&i=stripbooks
9781338328660,,,,https://www.amazon.com/s?k=9781338328660&i=stripbooks
9781338329124,,,,https://www.amazon.com/s?k=9781338329124&i=stripbooks
9781338329711,,,,https://www.amazon.com/s?k=9781338329711&i=stripbooks
9781338329865,,,,https://www.amazon.com/s?k=9781338329865&i=stripbooks
9781338330182,,,,https://www.amazon.com/s?k=9781338330182&i=stripbooks
9781338330557,,,,https://www.amazon.com/s?k=9781338330557&i=stripbooks
9781338335491,,,,https://www.amazon.com/s?k=9781338335491&i=stripbooks
9781338339345,,,,https://www.amazon.com/s?k=9781338339345&i=stripbooks
9781338355246,,,,https://www.amazon.com/s?k=9781338355246&i=stripbooks
9781338355871,,,,https://www.amazon.com/s?k=9781338355871&i=stripbooks
9781338359749,,,,https://www.amazon.com/s?k=9781338359749&i=stripbooks
9781338359770,,,,https://www.amazon.com/s?k=9781338359770&i=stripbooks
9781338503296,,,,https://www.amazon.com/s?k=9781338503296&i=stripbooks
9781338504927,,,,https://www.amazon.com/s?k=9781338504927&i=stripbooks
9781338505252,,,,https://www.amazon.com/s?k=9781338505252&i=stripbooks
9781338540420,,,,https://www.amazon.com/s?k=9781338540420&i=stripbooks
9781338541199,,,,https://www.amazon.com/s?k=9781338541199&i=stripbooks
9781338541243,,,,https://www.amazon.com/s?k=9781338541243&i=stripbooks
9781338545890,,,,https://www.amazon.com/s?k=9781338545890&i=stripbooks
9781338547092,,,,https://www.amazon.com/s?k=9781338547092&i=stripbooks
9781338547573,,,,https://www.amazon.com/s?k=9781338547573&i=stripbooks
9781338549256,,,,https://www.amazon.com/s?k=9781338549256&i=stripbooks
9781338553826,,,,https://www.amazon.com/s?k=9781338553826&i=stripbooks
9781338561609,,,,https://www.amazon.com/s?k=9781338561609&i=stripbooks
9781338561630,,,,https://www.amazon.com/s?k=9781338561630&i=stripbooks
9781338561678,,,,https://www.amazon.com/s?k=9781338561678&i=stripbooks
9781338566697,,,,https://www.amazon.com/s?k=9781338566697&i=stripbooks
9781338566772,,,,https://www.amazon.com/s?k=9781338566772&i=stripbooks
9781338568905,,,,https://www.amazon.com/s?k=9781338568905&i=stripbooks
9781338574999,,,,https://www.amazon.com/s?k=9781338574999&i=stripbooks
9781338575729,,,,https://www.amazon.com/s?k=9781338575729&i=stripbooks
9781338580730,,,,https://www.amazon.com/s?k=9781338580730&i=stripbooks
9781338580754,,,,https://www.amazon.com/s?k=9781338580754&i=stripbooks
9781338580846,,,,https://www.amazon.com/s?k=9781338580846&i=stripbooks
9781338582970,,,,https://www.amazon.com/s?k=9781338582970&i=stripbooks
9781338583007,,,,https://www.amazon.com/s?k=9781338583007&i=stripbooks
9781338587197,,,,https://www.amazon.com/s?k=9781338587197&i=stripbooks
9781338587531,,,,https://www.amazon.com/s?k=9781338587531&i=stripbooks
9781338589207,,,,https://www.amazon.com/s?k=9781338589207&i=stripbooks
9781338596588,,,,https://www.amazon.com/s?k=9781338596588&i=stripbooks
9781338596649,,,,https://www.amazon.com/s?k=9781338596649&i=stripbooks
9781338601176,,,,https://www.amazon.com/s?k=9781338601176&i=stripbooks
9781338606522,,,,https://www.amazon.com/s?k=9781338606522&i=stripbooks
9781338608472,,,,https://www.amazon.com/s?k=9781338608472&i=stripbooks
9781338608816,,,,https://www.amazon.com/s?k=9781338608816&i=stripbooks
9781338608908,,,,https://www.amazon.com/s?k=9781338608908&i=stripbooks
9781338612264,,,,https://www.amazon.com/s?k=9781338612264&i=stripbooks
9781338614060,,,,https://www.amazon.com/s?k=9781338614060&i=stripbooks
9781338617436,,,,https://www.amazon.com/s?k=9781338617436&i=stripbooks
9781338617474,,,,https://www.amazon.com/s?k=9781338617474&i=stripbooks
9781338627725,,,,https://www.amazon.com/s?k=9781338627725&i=stripbooks
9781338629132,,,,https://www.amazon.com/s?k=9781338629132&i=stripbooks
9781338630992,,,,https://www.amazon.com/s?k=9781338630992&i=stripbooks
9781338643732,,,,https://www.amazon.com/s?k=9781338643732&i=stripbooks
9781338643824,,,,https://www.amazon.com/s?k=9781338643824&i=stripbooks
9781338643893,,,,https://www.amazon.com/s?k=9781338643893&i=stripbooks
9781338647433,,,,https://www.amazon.com/s?k=9781338647433&i=stripbooks
9781338648058,,,,https://www.amazon.com/s?k=9781338648058&i=stripbooks
9781338648263,,,,https://www.amazon.com/s?k=9781338648263&i=stripbooks
9781338656190,,,,https://www.amazon.com/s?k=9781338656190&i=stripbooks
9781338662078,,,,https://www.amazon.com/s?k=9781338662078&i=stripbooks
9781338665109,,,,https://www.amazon.com/s?k=9781338665109&i=stripbooks
9781338666045,,,,https://www.amazon.com/s?k=9781338666045&i=stripbooks
9781338666274,,,,https://www.amazon.com/s?k=9781338666274&i=stripbooks
9781338666540,,,,https://www.amazon.com/s?k=9781338666540&i=stripbooks
9781338668001,,,,https://www.amazon.com/s?k=9781338668001&i=stripbooks
9781338668322,,,,https://www.amazon.com/s?k=9781338668322&i=stripbooks
9781338668407,,,,https://www.amazon.com/s?k=9781338668407&i=stripbooks
9781338670066,,,,https://www.amazon.com/s?k=9781338670066&i=stripbooks
9781338670073,,,,https://www.amazon.com/s?k=9781338670073&i=stripbooks
9781338670080,,,,https://www.amazon.com/s?k=9781338670080&i=stripbooks
9781338670097,,,,https://www.amazon.com/s?k=9781338670097&i=stripbooks
9781338670776,,,,https://www.amazon.com/s?k=9781338670776&i=stripbooks
9781338677171,,,,https://www.amazon.com/s?k=9781338677171&i=stripbooks
9781338680126,,,,https://www.amazon.com/s?k=9781338680126&i=stripbooks
9781338680270,,,,https://www.amazon.com/s?k=9781338680270&i=stripbooks
9781338680294,,,,https://www.amazon.com/s?k=9781338680294&i=stripbooks
9781338681413,,,,https://www.amazon.com/s?k=9781338681413&i=stripbooks
9781338681796,,,,https://www.amazon.com/s?k=9781338681796&i=stripbooks
9781338682243,,,,https://www.amazon.com/s?k=9781338682243&i=stripbooks
9781338682267,,,,https://www.amazon.com/s?k=9781338682267&i=stripbooks
9781338684667,,,,https://www.amazon.com/s?k=9781338684667&i=stripbooks
9781338684681,,,,https://www.amazon.com/s?k=9781338684681&i=stripbooks
9781338686531,,,,https://www.amazon.com/s?k=9781338686531&i=stripbooks
9781338687071,,,,https://www.amazon.com/s?k=9781338687071&i=stripbooks
9781338687170,,,,https://www.amazon.com/s?k=9781338687170&i=stripbooks
9781338687224,,,,https://www.amazon.com/s?k=9781338687224&i=stripbooks
9781338692211,,,,https://www.amazon.com/s?k=9781338692211&i=stripbooks
9781338692242,,,,https://www.amazon.com/s?k=9781338692242&i=stripbooks
9781338692266,,,,https://www.amazon.com/s?k=9781338692266&i=stripbooks
9781338692686,,,,https://www.amazon.com/s?k=9781338692686&i=stripbooks
9781338702262,,,,https://www.amazon.com/s?k=9781338702262&i=stripbooks
9781338702279,,,,https://www.amazon.com/s?k=9781338702279&i=stripbooks
9781338714548,,,,https://www.amazon.com/s?k=9781338714548&i=stripbooks
9781338715422,,,,https://www.amazon.com/s?k=9781338715422&i=stripbooks
9781338715477,,,,https://www.amazon.com/s?k=9781338715477&i=stripbooks
9781338716405,,,,https://www.amazon.com/s?k=9781338716405&i=stripbooks
9781338717402,,,,https://www.amazon.com/s?k=9781338717402&i=stripbooks
9781338726763,,,,https://www.amazon.com/s?k=9781338726763&i=stripbooks
9781338732733,,,,https://www.amazon.com/s?k=9781338732733&i=stripbooks
9781338734256,,,,https://www.amazon.com/s?k=9781338734256&i=stripbooks
9781338736625,,,,https://www.amazon.com/s?k=9781338736625&i=stripbooks
9781338739961,,,,https://www.amazon.com/s?k=9781338739961&i=stripbooks
9781338739978,,,,https://www.amazon.com/s?k=9781338739978&i=stripbooks
9781338740271,,,,https://www.amazon.com/s?k=9781338740271&i=stripbooks
9781338741315,,,,https://www.amazon.com/s?k=9781338741315&i=stripbooks
9781338744842,,,,https://www.amazon.com/s?k=9781338744842&i=stripbooks
9781338744989,,,,https://www.amazon.com/s?k=9781338744989&i=stripbooks
9781338745184,,,,https://www.amazon.com/s?k=9781338745184&i=stripbooks
9781338745245,,,,https://www.amazon.com/s?k=9781338745245&i=stripbooks
9781338745252,,,,https://www.amazon.com/s?k=9781338745252&i=stripbooks
9781338745269,,,,https://www.amazon.com/s?k=9781338745269&i=stripbooks
9781338745436,,,,https://www.amazon.com/s?k=9781338745436&i=stripbooks
9781338745467,,,,https://www.amazon.com/s?k=9781338745467&i=stripbooks
9781338745535,,,,https://www.amazon.com/s?k=9781338745535&i=stripbooks
9781338745627,,,,https://www.amazon.com/s?k=9781338745627&i=stripbooks
9781338745658,,,,https://www.amazon.com/s?k=9781338745658&i=stripbooks
9781338745733,,,,https://www.amazon.com/s?k=9781338745733&i=stripbooks
9781338745740,,,,https://www.amazon.com/s?k=9781338745740&i=stripbooks
9781338745757,,,,https://www.amazon.com/s?k=9781338745757&i=stripbooks
9781338745795,,,,https://www.amazon.com/s?k=9781338745795&i=stripbooks
9781338745986,,,,https://www.amazon.com/s?k=9781338745986&i=stripbooks
9781338746730,,,,https://www.amazon.com/s?k=9781338746730&i=stripbooks
9781338748970,,,,https://www.amazon.com/s?k=9781338748970&i=stripbooks
9781338749021,,,,https://www.amazon.com/s?k=9781338749021&i=stripbooks
9781338752250,,,,https://www.amazon.com/s?k=9781338752250&i=stripbooks
9781338752502,,,,https://www.amazon.com/s?k=9781338752502&i=stripbooks
9781338753356,,,,https://www.amazon.com/s?k=9781338753356&i=stripbooks
9781338756364,,,,https://www.amazon.com/s?k=9781338756364&i=stripbooks
9781338756845,,,,https://www.amazon.com/s?k=9781338756845&i=stripbooks
9781338764758,,,,https://www.amazon.com/s?k=9781338764758&i=stripbooks
9781338766530,,,,https://www.amazon.com/s?k=9781338766530&i=stripbooks
9781338766554,,,,https://www.amazon.com/s?k=9781338766554&i=stripbooks
9781338766660,,,,https://www.amazon.com/s?k=9781338766660&i=stripbooks
9781338766691,,,,https://www.amazon.com/s?k=9781338766691&i=stripbooks
9781338767230,,,,https://www.amazon.com/s?k=9781338767230&i=stripbooks
9781338767483,,,,https://www.amazon.com/s?k=9781338767483&i=stripbooks
9781338767506,,,,https://www.amazon.com/s?k=9781338767506&i=stripbooks
9781338767513,,,,https://www.amazon.com/s?k=9781338767513&i=stripbooks
9781338767940,,,,https://www.amazon.com/s?k=9781338767940&i=stripbooks
9781338769951,,,,https://www.amazon.com/s?k=9781338769951&i=stripbooks
9781338770476,,,,https://www.amazon.com/s?k=9781338770476&i=stripbooks
9781338775396,,,,https://www.amazon.com/s?k=9781338775396&i=stripbooks
9781338775402,,,,https://www.amazon.com/s?k=9781338775402&i=stripbooks
9781338776218,,,,https://www.amazon.com/s?k=9781338776218&i=stripbooks
9781338776225,,,,https://www.amazon.com/s?k=9781338776225&i=stripbooks
9781338776232,,,,https://www.amazon.com/s?k=9781338776232&i=stripbooks
9781338776249,,,,https://www.amazon.com/s?k=9781338776249&i=stripbooks
9781338776348,,,,https://www.amazon.com/s?k=9781338776348&i=stripbooks
9781338776355,,,,https://www.amazon.com/s?k=9781338776355&i=stripbooks
9781338777246,,,,https://www.amazon.com/s?k=9781338777246&i=stripbooks
9781338784015,,,,https://www.amazon.com/s?k=9781338784015&i=stripbooks
9781338787849,,,,https://www.amazon.com/s?k=9781338787849&i=stripbooks
9781338792164,,,,https://www.amazon.com/s?k=9781338792164&i=stripbooks
9781338792447,,,,https://www.amazon.com/s?k=9781338792447&i=stripbooks
9781338792850,,,,https://www.amazon.com/s?k=9781338792850&i=stripbooks
9781338794595,,,,https://www.amazon.com/s?k=9781338794595&i=stripbooks
9781338794656,,,,https://www.amazon.com/s?k=9781338794656&i=stripbooks
9781338794977,,,,https://www.amazon.com/s?k=9781338794977&i=stripbooks
9781338795349,,,,https://www.amazon.com/s?k=9781338795349&i=stripbooks
9781338795356,,,,https://www.amazon.com/s?k=9781338795356&i=stripbooks
9781338795363,,,,https://www.amazon.com/s?k=9781338795363&i=stripbooks
9781338796339,,,,https://www.amazon.com/s?k=9781338796339&i=stripbooks
9781338796452,,,,https://www.amazon.com/s?k=9781338796452&i=stripbooks
9781338796476,,,,https://www.amazon.com/s?k=9781338796476&i=stripbooks
9781338796483,,,,https://www.amazon.com/s?k=9781338796483&i=stripbooks
9781338797855,,,,https://www.amazon.com/s?k=9781338797855&i=stripbooks
9781338797886,,,,https://www.amazon.com/s?k=9781338797886&i=stripbooks
9781338798197,,,,https://www.amazon.com/s?k=9781338798197&i=stripbooks
9781338799613,,,,https://www.amazon.com/s?k=9781338799613&i=stripbooks
9781338800296,,,,https://www.amazon.com/s?k=9781338800296&i=stripbooks
9781338800326,,,,https://www.amazon.com/s?k=9781338800326&i=stripbooks
9781338800395,,,,https://www.amazon.com/s?k=9781338800395&i=stripbooks
9781338803365,,,,https://www.amazon.com/s?k=9781338803365&i=stripbooks
9781338803921,,,,https://www.amazon.com/s?k=9781338803921&i=stripbooks
9781338803938,,,,https://www.amazon.com/s?k=9781338803938&i=stripbooks
9781338804393,,,,https://www.amazon.com/s?k=9781338804393&i=stripbooks
9781338805062,,,,https://www.amazon.com/s?k=9781338805062&i=stripbooks
9781338805123,,,,https://www.amazon.com/s?k=9781338805123&i=stripbooks
9781338805772,,,,https://www.amazon.com/s?k=9781338805772&i=stripbooks
9781338805857,,,,https://www.amazon.com/s?k=9781338805857&i=stripbooks
9781338807646,,,,https://www.amazon.com/s?k=9781338807646&i=stripbooks
9781338809589,,,,https://www.amazon.com/s?k=9781338809589&i=stripbooks
9781338809978,,,,https://www.amazon.com/s?k=9781338809978&i=stripbooks
9781338810431,,,,https://www.amazon.com/s?k=9781338810431&i=stripbooks
9781338812312,,,,https://www.amazon.com/s?k=9781338812312&i=stripbooks
9781338812763,,,,https://www.amazon.com/s?k=9781338812763&i=stripbooks
9781338814156,,,,https://www.amazon.com/s?k=9781338814156&i=stripbooks
9781338814187,,,,https://www.amazon.com/s?k=9781338814187&i=stripbooks
9781338814491,,,,https://www.amazon.com/s?k=9781338814491&i=stripbooks
9781338814668,,,,https://www.amazon.com/s?k=9781338814668&i=stripbooks
9781338815191,,,,https://www.amazon.com/s?k=9781338815191&i=stripbooks
9781338815399,,,,https://www.amazon.com/s?k=9781338815399&i=stripbooks
9781338816105,,,,https://www.amazon.com/s?k=9781338816105&i=stripbooks
9781338816143,,,,https://www.amazon.com/s?k=9781338816143&i=stripbooks
9781338817140,,,,https://www.amazon.com/s?k=9781338817140&i=stripbooks
9781338817164,,,,https://www.amazon.com/s?k=9781338817164&i=stripbooks
9781338823042,,,,https://www.amazon.com/s?k=9781338823042&i=stripbooks
9781338823059,,,,https://www.amazon.com/s?k=9781338823059&i=stripbooks
9781338823523,,,,https://www.amazon.com/s?k=9781338823523&i=stripbooks
9781338824490,,,,https://www.amazon.com/s?k=9781338824490&i=stripbooks
9781338825251,,,,https://www.amazon.com/s?k=9781338825251&i=stripbooks
9781338825510,,,,https://www.amazon.com/s?k=9781338825510&i=stripbooks
9781338825893,,,,https://www.amazon.com/s?k=9781338825893&i=stripbooks
9781338825923,,,,https://www.amazon.com/s?k=9781338825923&i=stripbooks
9781338825954,,,,https://www.amazon.com/s?k=9781338825954&i=stripbooks
9781338826456,,,,https://www.amazon.com/s?k=9781338826456&i=stripbooks
9781338826784,,,,https://www.amazon.com/s?k=9781338826784&i=stripbooks
9781338827170,,,,https://www.amazon.com/s?k=9781338827170&i=stripbooks
9781338827200,,,,https://www.amazon.com/s?k=9781338827200&i=stripbooks
9781338828153,,,,https://www.amazon.com/s?k=9781338828153&i=stripbooks
9781338828566,,,,https://www.amazon.com/s?k=9781338828566&i=stripbooks
9781338829426,,,,https://www.amazon.com/s?k=9781338829426&i=stripbooks
9781338829457,,,,https://www.amazon.com/s?k=9781338829457&i=stripbooks
9781338829570,,,,https://www.amazon.com/s?k=9781338829570&i=stripbooks
9781338830835,,,,https://www.amazon.com/s?k=9781338830835&i=stripbooks
9781338830910,,,,https://www.amazon.com/s?k=9781338830910&i=stripbooks
9781338832334,,,,https://www.amazon.com/s?k=9781338832334&i=stripbooks
9781338835403,,,,https://www.amazon.com/s?k=9781338835403&i=stripbooks
9781338835755,,,,https://www.amazon.com/s?k=9781338835755&i=stripbooks
9781338835762,,,,https://www.amazon.com/s?k=9781338835762&i=stripbooks
9781338835786,,,,https://www.amazon.com/s?k=9781338835786&i=stripbooks
9781338835793,,,,https://www.amazon.com/s?k=9781338835793&i=stripbooks
9781338837513,,,,https://www.amazon.com/s?k=9781338837513&i=stripbooks
9781338844771,,,,https://www.amazon.com/s?k=9781338844771&i=stripbooks
9781338845679,,,,https://www.amazon.com/s?k=9781338845679&i=stripbooks
9781338847109,,,,https://www.amazon.com/s?k=9781338847109&i=stripbooks
9781338847130,,,,https://www.amazon.com/s?k=9781338847130&i=stripbooks
9781338847178,,,,https://www.amazon.com/s?k=9781338847178&i=stripbooks
9781338847314,,,,https://www.amazon.com/s?k=9781338847314&i=stripbooks
9781338847321,,,,https://www.amazon.com/s?k=9781338847321&i=stripbooks
9781338848120,,,,https://www.amazon.com/s?k=9781338848120&i=stripbooks
9781338848137,,,,https://www.amazon.com/s?k=9781338848137&i=stripbooks
9781338849134,,,,https://www.amazon.com/s?k=9781338849134&i=stripbooks
9781338849998,,,,https://www.amazon.com/s?k=9781338849998&i=stripbooks
9781338850086,,,,https://www.amazon.com/s?k=9781338850086&i=stripbooks
9781338851946,,,,https://www.amazon.com/s?k=9781338851946&i=stripbooks
9781338851953,,,,https://www.amazon.com/s?k=9781338851953&i=stripbooks
9781338853636,,,,https://www.amazon.com/s?k=9781338853636&i=stripbooks
9781338853742,,,,https://www.amazon.com/s?k=9781338853742&i=stripbooks
9781338854046,,,,https://www.amazon.com/s?k=9781338854046&i=stripbooks
9781338859164,,,,https://www.amazon.com/s?k=9781338859164&i=stripbooks
9781338864182,,,,https://www.amazon.com/s?k=9781338864182&i=stripbooks
9781338864625,,,,https://www.amazon.com/s?k=9781338864625&i=stripbooks
9781338865356,,,,https://www.amazon.com/s?k=9781338865356&i=stripbooks
9781338865561,,,,https://www.amazon.com/s?k=9781338865561&i=stripbooks
9781338865608,,,,https://www.amazon.com/s?k=9781338865608&i=stripbooks
9781338865639,,,,https://www.amazon.com/s?k=9781338865639&i=stripbooks
9781338874112,,,,https://www.amazon.com/s?k=9781338874112&i=stripbooks
9781338874129,,,,https://www.amazon.com/s?k=9781338874129&i=stripbooks
9781338875539,,,,https://www.amazon.com/s?k=9781338875539&i=stripbooks
9781338875645,,,,https://www.amazon.com/s?k=9781338875645&i=stripbooks
9781338878882,,,,https://www.amazon.com/s?k=9781338878882&i=stripbooks
9781338879117,,,,https://www.amazon.com/s?k=9781338879117&i=stripbooks
9781338882957,,,,https://www.amazon.com/s?k=9781338882957&i=stripbooks
9781338883145,,,,https://www.amazon.com/s?k=9781338883145&i=stripbooks
9781338883329,,,,https://www.amazon.com/s?k=9781338883329&i=stripbooks
9781338883442,,,,https://www.amazon.com/s?k=9781338883442&i=stripbooks
9781338883497,,,,https://www.amazon.com/s?k=9781338883497&i=stripbooks
9781338888881,,,,https://www.amazon.com/s?k=9781338888881&i=stripbooks
9781338890334,,,,https://www.amazon.com/s?k=9781338890334&i=stripbooks
9781338890587,,,,https://www.amazon.com/s?k=9781338890587&i=stripbooks
9781338890600,,,,https://www.amazon.com/s?k=9781338890600&i=stripbooks
9781338890617,,,,https://www.amazon.com/s?k=9781338890617&i=stripbooks
9781338892420,,,,https://www.amazon.com/s?k=9781338892420&i=stripbooks
9781338892444,,,,https://www.amazon.com/s?k=9781338892444&i=stripbooks
9781338892710,,,,https://www.amazon.com/s?k=9781338892710&i=stripbooks
9781338892734,,,,https://www.amazon.com/s?k=9781338892734&i=stripbooks
9781338894363,,,,https://www.amazon.com/s?k=9781338894363&i=stripbooks
9781338894424,,,,https://www.amazon.com/s?k=9781338894424&i=stripbooks
9781338894448,,,,https://www.amazon.com/s?k=9781338894448&i=stripbooks
9781338894875,,,,https://www.amazon.com/s?k=9781338894875&i=stripbooks
9781338894899,,,,https://www.amazon.com/s?k=9781338894899&i=stripbooks
9781338895018,,,,https://www.amazon.com/s?k=9781338895018&i=stripbooks
9781338895070,,,,https://www.amazon.com/s?k=9781338895070&i=stripbooks
9781338896749,,,,https://www.amazon.com/s?k=9781338896749&i=stripbooks
9781338899603,,,,https://www.amazon.com/s?k=9781338899603&i=stripbooks
9781339000923,,,,https://www.amazon.com/s?k=9781339000923&i=stripbooks
9781339008714,,,,https://www.amazon.com/s?k=9781339008714&i=stripbooks
9781339011325,,,,https://www.amazon.com/s?k=9781339011325&i=stripbooks
9781339011967,,,,https://www.amazon.com/s?k=9781339011967&i=stripbooks
9781339011974,,,,https://www.amazon.com/s?k=9781339011974&i=stripbooks
9781339013183,,,,https://www.amazon.com/s?k=9781339013183&i=stripbooks
9781339013220,,,,https://www.amazon.com/s?k=9781339013220&i=stripbooks
9781339014982,,,,https://www.amazon.com/s?k=9781339014982&i=stripbooks
9781339018157,,,,https://www.amazon.com/s?k=9781339018157&i=stripbooks
9781339019123,,,,https://www.amazon.com/s?k=9781339019123&i=stripbooks
9781339019918,,,,https://www.amazon.com/s?k=9781339019918&i=stripbooks
9781339020587,,,,https://www.amazon.com/s?k=9781339020587&i=stripbooks
9781339020617,,,,https://www.amazon.com/s?k=9781339020617&i=stripbooks
9781339020648,,,,https://www.amazon.com/s?k=9781339020648&i=stripbooks
9781339020679,,,,https://www.amazon.com/s?k=9781339020679&i=stripbooks
9781339020822,,,,https://www.amazon.com/s?k=9781339020822&i=stripbooks
9781339020853,,,,https://www.amazon.com/s?k=9781339020853&i=stripbooks
9781339020914,,,,https://www.amazon.com/s?k=9781339020914&i=stripbooks
9781339021577,,,,https://www.amazon.com/s?k=9781339021577&i=stripbooks
9781339023120,,,,https://www.amazon.com/s?k=9781339023120&i=stripbooks
9781339027678,,,,https://www.amazon.com/s?k=9781339027678&i=stripbooks
9781339027692,,,,https://www.amazon.com/s?k=9781339027692&i=stripbooks
9781339032306,,,,https://www.amazon.com/s?k=9781339032306&i=stripbooks
9781339032320,,,,https://www.amazon.com/s?k=9781339032320&i=stripbooks
9781339035475,,,,https://www.amazon.com/s?k=9781339035475&i=stripbooks
9781339036335,,,,https://www.amazon.com/s?k=9781339036335&i=stripbooks
9781339037639,,,,https://www.amazon.com/s?k=9781339037639&i=stripbooks
9781339037653,,,,https://www.amazon.com/s?k=9781339037653&i=stripbooks
9781339038087,,,,https://www.amazon.com/s?k=9781339038087&i=stripbooks
9781339038193,,,,https://www.amazon.com/s?k=9781339038193&i=stripbooks
9781339041209,,,,https://www.amazon.com/s?k=9781339041209&i=stripbooks
9781339042206,,,,https://www.amazon.com/s?k=9781339042206&i=stripbooks
9781339042534,,,,https://www.amazon.com/s?k=9781339042534&i=stripbooks
9781339043227,,,,https://www.amazon.com/s?k=9781339043227&i=stripbooks
9781339043241,,,,https://www.amazon.com/s?k=9781339043241&i=stripbooks
9781339043265,,,,https://www.amazon.com/s?k=9781339043265&i=stripbooks
9781339043456,,,,https://www.amazon.com/s?k=9781339043456&i=stripbooks
9781339043678,,,,https://www.amazon.com/s?k=9781339043678&i=stripbooks
9781339043685,,,,https://www.amazon.com/s?k=9781339043685&i=stripbooks
9781339043692,,,,https://www.amazon.com/s?k=9781339043692&i=stripbooks
9781339046969,,,,https://www.amazon.com/s?k=9781339046969&i=stripbooks
9781339047591,,,,https://www.amazon.com/s?k=9781339047591&i=stripbooks
9781339056302,,,,https://www.amazon.com/s?k=9781339056302&i=stripbooks
9781345522792,,,,https://www.amazon.com/s?k=9781345522792&i=stripbooks
9781368026963,,,,https://www.amazon.com/s?k=9781368026963&i=stripbooks
9781368051477,,,,https://www.amazon.com/s?k=9781368051477&i=stripbooks
9781368068239,,,,https://www.amazon.com/s?k=9781368068239&i=stripbooks
9781368075749,,,,https://www.amazon.com/s?k=9781368075749&i=stripbooks
9781368080507,,,,https://www.amazon.com/s?k=9781368080507&i=stripbooks
9781368084819,,,,https://www.amazon.com/s?k=9781368084819&i=stripbooks
9781368090360,,,,https://www.amazon.com/s?k=9781368090360&i=stripbooks
9781368090377,,,,https://www.amazon.com/s?k=9781368090377&i=stripbooks
9781368090926,,,,https://www.amazon.com/s?k=9781368090926&i=stripbooks
9781368090933,,,,https://www.amazon.com/s?k=9781368090933&i=stripbooks
9781368092661,,,,https://www.amazon.com/s?k=9781368092661&i=stripbooks
9781368095099,,,,https://www.amazon.com/s?k=9781368095099&i=stripbooks
9781368097925,,,,https://www.amazon.com/s?k=9781368097925&i=stripbooks
9781368102209,,,,https://www.amazon.com/s?k=9781368102209&i=stripbooks
9781368102216,,,,https://www.amazon.com/s?k=9781368102216&i=stripbooks
9781368106269,,,,https://www.amazon.com/s?k=9781368106269&i=stripbooks
9781368113113,,,,https://www.amazon.com/s?k=9781368113113&i=stripbooks
9781399618199,,,,https://www.amazon.com/s?k=9781399618199&i=stripbooks
9781399627832,,,,https://www.amazon.com/s?k=9781399627832&i=stripbooks
9781400078776,,,,https://www.amazon.com/s?k=9781400078776&i=stripbooks
9781400079278,,,,https://www.amazon.com/s?k=9781400079278&i=stripbooks
9781400212323,,,,https://www.amazon.com/s?k=9781400212323&i=stripbooks
9781400216802,,,,https://www.amazon.com/s?k=9781400216802&i=stripbooks
9781400219490,,,,https://www.amazon.com/s?k=9781400219490&i=stripbooks
9781400247134,,,,https://www.amazon.com/s?k=9781400247134&i=stripbooks
9781400248353,,,,https://www.amazon.com/s?k=9781400248353&i=stripbooks
9781400336111,,,,https://www.amazon.com/s?k=9781400336111&i=stripbooks
9781400336159,,,,https://www.amazon.com/s?k=9781400336159&i=stripbooks
9781400336166,,,,https://www.amazon.com/s?k=9781400336166&i=stripbooks
9781400346561,,,,https://www.amazon.com/s?k=9781400346561&i=stripbooks
9781400346578,,,,https://www.amazon.com/s?k=9781400346578&i=stripbooks
9781400346929,,,,https://www.amazon.com/s?k=9781400346929&i=stripbooks
9781400349326,,,,https://www.amazon.com/s?k=9781400349326&i=stripbooks
9781400349333,,,,https://www.amazon.com/s?k=9781400349333&i=stripbooks
9781400351817,,,,https://www.amazon.com/s?k=9781400351817&i=stripbooks
9781401954758,,,,https://www.amazon.com/s?k=9781401954758&i=stripbooks
9781414391335,,,,https://www.amazon.com/s?k=9781414391335&i=stripbooks
9781416958192,,,,https://www.amazon.com/s?k=9781416958192&i=stripbooks
9781418597795,,,,https://www.amazon.com/s?k=9781418597795&i=stripbooks
9781419782930,,,,https://www.amazon.com/s?k=9781419782930&i=stripbooks
9781419783531,,,,https://www.amazon.com/s?k=9781419783531&i=stripbooks
9781419784392,,,,https://www.amazon.com/s?k=9781419784392&i=stripbooks
9781426202919,,,,https://www.amazon.com/s?k=9781426202919&i=stripbooks
9781426209482,,,,https://www.amazon.com/s?k=9781426209482&i=stripbooks
9781426218156,,,,https://www.amazon.com/s?k=9781426218156&i=stripbooks
9781426219078,,,,https://www.amazon.com/s?k=9781426219078&i=stripbooks
9781426219085,,,,https://www.amazon.com/s?k=9781426219085&i=stripbooks
9781426219719,,,,https://www.amazon.com/s?k=9781426219719&i=stripbooks
9781426221675,,,,https://www.amazon.com/s?k=9781426221675&i=stripbooks
9781426223167,,,,https://www.amazon.com/s?k=9781426223167&i=stripbooks
9781426306266,,,,https://www.amazon.com/s?k=9781426306266&i=stripbooks
9781426320446,,,,https://www.amazon.com/s?k=9781426320446&i=stripbooks
9781426320705,,,,https://www.amazon.com/s?k=9781426320705&i=stripbooks
9781426322518,,,,https://www.amazon.com/s?k=9781426322518&i=stripbooks
9781426323164,,,,https://www.amazon.com/s?k=9781426323164&i=stripbooks
9781426324826,,,,https://www.amazon.com/s?k=9781426324826&i=stripbooks
9781426324840,,,,https://www.amazon.com/s?k=9781426324840&i=stripbooks
9781426324864,,,,https://www.amazon.com/s?k=9781426324864&i=stripbooks
9781426324901,,,,https://www.amazon.com/s?k=9781426324901&i=stripbooks
9781426324925,,,,https://www.amazon.com/s?k=9781426324925&i=stripbooks
9781426324949,,,,https://www.amazon.com/s?k=9781426324949&i=stripbooks
9781426324963,,,,https://www.amazon.com/s?k=9781426324963&i=stripbooks
9781426324987,,,,https://www.amazon.com/s?k=9781426324987&i=stripbooks
9781426325991,,,,https://www.amazon.com/s?k=9781426325991&i=stripbooks
9781426326028,,,,https://www.amazon.com/s?k=9781426326028&i=stripbooks
9781426333514,,,,https://www.amazon.com/s?k=9781426333514&i=stripbooks
9781426338120,,,,https://www.amazon.com/s?k=9781426338120&i=stripbooks
9781426338830,,,,https://www.amazon.com/s?k=9781426338830&i=stripbooks
9781426338908,,,,https://www.amazon.com/s?k=9781426338908&i=stripbooks
9781426371394,,,,https://www.amazon.com/s?k=9781426371394&i=stripbooks
9781426371837,,,,https://www.amazon.com/s?k=9781426371837&i=stripbooks
9781426373640,,,,https://www.amazon.com/s?k=9781426373640&i=stripbooks
9781426373701,,,,https://www.amazon.com/s?k=9781426373701&i=stripbooks
9781426373732,,,,https://www.amazon.com/s?k=9781426373732&i=stripbooks
9781426373749,,,,https://www.amazon.com/s?k=9781426373749&i=stripbooks
9781426374197,,,,https://www.amazon.com/s?k=9781426374197&i=stripbooks
9781426374517,,,,https://www.amazon.com/s?k=9781426374517&i=stripbooks
9781426374708,,,,https://www.amazon.com/s?k=9781426374708&i=stripbooks
9781426375156,,,,https://www.amazon.com/s?k=9781426375156&i=stripbooks
9781426375392,,,,https://www.amazon.com/s?k=9781426375392&i=stripbooks
9781426375712,,,,https://www.amazon.com/s?k=9781426375712&i=stripbooks
9781426375781,,,,https://www.amazon.com/s?k=9781426375781&i=stripbooks
9781426376511,,,,https://www.amazon.com/s?k=9781426376511&i=stripbooks
9781426376849,,,,https://www.amazon.com/s?k=9781426376849&i=stripbooks
9781426376856,,,,https://www.amazon.com/s?k=9781426376856&i=stripbooks
9781426377211,,,,https://www.amazon.com/s?k=9781426377211&i=stripbooks
9781426377235,,,,https://www.amazon.com/s?k=9781426377235&i=stripbooks
9781426377860,,,,https://www.amazon.com/s?k=9781426377860&i=stripbooks
9781439149270,,,,https://www.amazon.com/s?k=9781439149270&i=stripbooks
9781441343062,,,,https://www.amazon.com/s?k=9781441343062&i=stripbooks
9781442370807,,,,https://www.amazon.com/s?k=9781442370807&i=stripbooks
9781442472433,,,,https://www.amazon.com/s?k=9781442472433&i=stripbooks
9781442472464,,,,https://www.amazon.com/s?k=9781442472464&i=stripbooks
9781443460712,,,,https://www.amazon.com/s?k=9781443460712&i=stripbooks
9781447943600,,,,https://www.amazon.com/s?k=9781447943600&i=stripbooks
9781449486792,,,,https://www.amazon.com/s?k=9781449486792&i=stripbooks
9781449486808,,,,https://www.amazon.com/s?k=9781449486808&i=stripbooks
9781450744294,,,,https://www.amazon.com/s?k=9781450744294&i=stripbooks
9781451627299,,,,https://www.amazon.com/s?k=9781451627299&i=stripbooks
9781455538744,,,,https://www.amazon.com/s?k=9781455538744&i=stripbooks
9781455561186,,,,https://www.amazon.com/s?k=9781455561186&i=stripbooks
9781455588824,,,,https://www.amazon.com/s?k=9781455588824&i=stripbooks
9781464221132,,,,https://www.amazon.com/s?k=9781464221132&i=stripbooks
9781464227288,,,,https://www.amazon.com/s?k=9781464227288&i=stripbooks
9781464227318,,,,https://www.amazon.com/s?k=9781464227318&i=stripbooks
9781465290397,,,,https://www.amazon.com/s?k=9781465290397&i=stripbooks
9781465497864,,,,https://www.amazon.com/s?k=9781465497864&i=stripbooks
9781467705912,,,,https://www.amazon.com/s?k=9781467705912&i=stripbooks
9781481411318,,,,https://www.amazon.com/s?k=9781481411318&i=stripbooks
9781481497077,,,,https://www.amazon.com/s?k=9781481497077&i=stripbooks
9781483450629,,,,https://www.amazon.com/s?k=9781483450629&i=stripbooks
9781484785058,,,,https://www.amazon.com/s?k=9781484785058&i=stripbooks
9781496740984,,,,https://www.amazon.com/s?k=9781496740984&i=stripbooks
9781496743947,,,,https://www.amazon.com/s?k=9781496743947&i=stripbooks
9781501160776,,,,https://www.amazon.com/s?k=9781501160776&i=stripbooks
9781501180972,,,,https://www.amazon.com/s?k=9781501180972&i=stripbooks
9781501194801,,,,https://www.amazon.com/s?k=9781501194801&i=stripbooks
9781505713893,,,,https://www.amazon.com/s?k=9781505713893&i=stripbooks
9781506219837,,,,https://www.amazon.com/s?k=9781506219837&i=stripbooks
9781506266077,,,,https://www.amazon.com/s?k=9781506266077&i=stripbooks
9781510719040,,,,https://www.amazon.com/s?k=9781510719040&i=stripbooks
9781523005895,,,,https://www.amazon.com/s?k=9781523005895&i=stripbooks
9781523093144,,,,https://www.amazon.com/s?k=9781523093144&i=stripbooks
9781524711849,,,,https://www.amazon.com/s?k=9781524711849&i=stripbooks
9781524712433,,,,https://www.amazon.com/s?k=9781524712433&i=stripbooks
9781524712488,,,,https://www.amazon.com/s?k=9781524712488&i=stripbooks
9781524713157,,,,https://www.amazon.com/s?k=9781524713157&i=stripbooks
9781524742775,,,,https://www.amazon.com/s?k=9781524742775&i=stripbooks
9781524757908,,,,https://www.amazon.com/s?k=9781524757908&i=stripbooks
9781524761431,,,,https://www.amazon.com/s?k=9781524761431&i=stripbooks
9781524762421,,,,https://www.amazon.com/s?k=9781524762421&i=stripbooks
9781524763596,,,,https://www.amazon.com/s?k=9781524763596&i=stripbooks
9781524764203,,,,https://www.amazon.com/s?k=9781524764203&i=stripbooks
9781524770068,,,,https://www.amazon.com/s?k=9781524770068&i=stripbooks
9781524790783,,,,https://www.amazon.com/s?k=9781524790783&i=stripbooks
9781524899325,,,,https://www.amazon.com/s?k=9781524899325&i=stripbooks
9781534404212,,,,https://www.amazon.com/s?k=9781534404212&i=stripbooks
9781534421813,,,,https://www.amazon.com/s?k=9781534421813&i=stripbooks
9781534450622,,,,https://www.amazon.com/s?k=9781534450622&i=stripbooks
9781536618211,,,,https://www.amazon.com/s?k=9781536618211&i=stripbooks
9781538704370,,,,https://www.amazon.com/s?k=9781538704370&i=stripbooks
9781539689713,,,,https://www.amazon.com/s?k=9781539689713&i=stripbooks
9781543323993,,,,https://www.amazon.com/s?k=9781543323993&i=stripbooks
9781543329681,,,,https://www.amazon.com/s?k=9781543329681&i=stripbooks
9781543329698,,,,https://www.amazon.com/s?k=9781543329698&i=stripbooks
9781543329704,,,,https://www.amazon.com/s?k=9781543329704&i=stripbooks
9781543329711,,,,https://www.amazon.com/s?k=9781543329711&i=stripbooks
9781543334791,,,,https://www.amazon.com/s?k=9781543334791&i=stripbooks
9781543382280,,,,https://www.amazon.com/s?k=9781543382280&i=stripbooks
9781543386028,,,,https://www.amazon.com/s?k=9781543386028&i=stripbooks
9781543386035,,,,https://www.amazon.com/s?k=9781543386035&i=stripbooks
9781543386042,,,,https://www.amazon.com/s?k=9781543386042&i=stripbooks
9781543386059,,,,https://www.amazon.com/s?k=9781543386059&i=stripbooks
9781543386134,,,,https://www.amazon.com/s?k=9781543386134&i=stripbooks
9781543386141,,,,https://www.amazon.com/s?k=9781543386141&i=stripbooks
9781543386158,,,,https://www.amazon.com/s?k=9781543386158&i=stripbooks
9781544512273,,,,https://www.amazon.com/s?k=9781544512273&i=stripbooks
9781544542911,,,,https://www.amazon.com/s?k=9781544542911&i=stripbooks
9781545486832,,,,https://www.amazon.com/s?k=9781545486832&i=stripbooks
9781546104452,,,,https://www.amazon.com/s?k=9781546104452&i=stripbooks
9781546104612,,,,https://www.amazon.com/s?k=9781546104612&i=stripbooks
9781546109921,,,,https://www.amazon.com/s?k=9781546109921&i=stripbooks
9781546110262,,,,https://www.amazon.com/s?k=9781546110262&i=stripbooks
9781546110279,,,,https://www.amazon.com/s?k=9781546110279&i=stripbooks
9781546110477,,,,https://www.amazon.com/s?k=9781546110477&i=stripbooks
9781546110668,,,,https://www.amazon.com/s?k=9781546110668&i=stripbooks
9781546111801,,,,https://www.amazon.com/s?k=9781546111801&i=stripbooks
9781546114413,,,,https://www.amazon.com/s?k=9781546114413&i=stripbooks
9781546114468,,,,https://www.amazon.com/s?k=9781546114468&i=stripbooks
9781546118947,,,,https://www.amazon.com/s?k=9781546118947&i=stripbooks
9781546118954,,,,https://www.amazon.com/s?k=9781546118954&i=stripbooks
9781546118961,,,,https://www.amazon.com/s?k=9781546118961&i=stripbooks
9781546119630,,,,https://www.amazon.com/s?k=9781546119630&i=stripbooks
9781546119692,,,,https://www.amazon.com/s?k=9781546119692&i=stripbooks
9781546119784,,,,https://www.amazon.com/s?k=9781546119784&i=stripbooks
9781546119968,,,,https://www.amazon.com/s?k=9781546119968&i=stripbooks
9781546124962,,,,https://www.amazon.com/s?k=9781546124962&i=stripbooks
9781546127055,,,,https://www.amazon.com/s?k=9781546127055&i=stripbooks
9781546127321,,,,https://www.amazon.com/s?k=9781546127321&i=stripbooks
9781546128106,,,,https://www.amazon.com/s?k=9781546128106&i=stripbooks
9781546129295,,,,https://www.amazon.com/s?k=9781546129295&i=stripbooks
9781546129950,,,,https://www.amazon.com/s?k=9781546129950&i=stripbooks
9781546130192,,,,https://www.amazon.com/s?k=9781546130192&i=stripbooks
9781546131595,,,,https://www.amazon.com/s?k=9781546131595&i=stripbooks
9781546131601,,,,https://www.amazon.com/s?k=9781546131601&i=stripbooks
9781546132639,,,,https://www.amazon.com/s?k=9781546132639&i=stripbooks
9781546132660,,,,https://www.amazon.com/s?k=9781546132660&i=stripbooks
9781546133995,,,,https://www.amazon.com/s?k=9781546133995&i=stripbooks
9781546134008,,,,https://www.amazon.com/s?k=9781546134008&i=stripbooks
9781546134138,,,,https://www.amazon.com/s?k=9781546134138&i=stripbooks
9781546134145,,,,https://www.amazon.com/s?k=9781546134145&i=stripbooks
9781546136064,,,,https://www.amazon.com/s?k=9781546136064&i=stripbooks
9781546136095,,,,https://www.amazon.com/s?k=9781546136095&i=stripbooks
9781546136125,,,,https://www.amazon.com/s?k=9781546136125&i=stripbooks
9781546136170,,,,https://www.amazon.com/s?k=9781546136170&i=stripbooks
9781546136200,,,,https://www.amazon.com/s?k=9781546136200&i=stripbooks
9781546137665,,,,https://www.amazon.com/s?k=9781546137665&i=stripbooks
9781546138037,,,,https://www.amazon.com/s?k=9781546138037&i=stripbooks
9781546138402,,,,https://www.amazon.com/s?k=9781546138402&i=stripbooks
9781546138419,,,,https://www.amazon.com/s?k=9781546138419&i=stripbooks
9781546138471,,,,https://www.amazon.com/s?k=9781546138471&i=stripbooks
9781546138501,,,,https://www.amazon.com/s?k=9781546138501&i=stripbooks
9781546138525,,,,https://www.amazon.com/s?k=9781546138525&i=stripbooks
9781546138570,,,,https://www.amazon.com/s?k=9781546138570&i=stripbooks
9781546138594,,,,https://www.amazon.com/s?k=9781546138594&i=stripbooks
9781546138600,,,,https://www.amazon.com/s?k=9781546138600&i=stripbooks
9781546138617,,,,https://www.amazon.com/s?k=9781546138617&i=stripbooks
9781546138631,,,,https://www.amazon.com/s?k=9781546138631&i=stripbooks
9781546139188,,,,https://www.amazon.com/s?k=9781546139188&i=stripbooks
9781546139409,,,,https://www.amazon.com/s?k=9781546139409&i=stripbooks
9781546140085,,,,https://www.amazon.com/s?k=9781546140085&i=stripbooks
9781546140092,,,,https://www.amazon.com/s?k=9781546140092&i=stripbooks
9781546141556,,,,https://www.amazon.com/s?k=9781546141556&i=stripbooks
9781546141686,,,,https://www.amazon.com/s?k=9781546141686&i=stripbooks
9781546141815,,,,https://www.amazon.com/s?k=9781546141815&i=stripbooks
9781546142539,,,,https://www.amazon.com/s?k=9781546142539&i=stripbooks
9781546142744,,,,https://www.amazon.com/s?k=9781546142744&i=stripbooks
9781546144601,,,,https://www.amazon.com/s?k=9781546144601&i=stripbooks
9781546148005,,,,https://www.amazon.com/s?k=9781546148005&i=stripbooks
9781546148012,,,,https://www.amazon.com/s?k=9781546148012&i=stripbooks
9781546148029,,,,https://www.amazon.com/s?k=9781546148029&i=stripbooks
9781546148043,,,,https://www.amazon.com/s?k=9781546148043&i=stripbooks
9781546148050,,,,https://www.amazon.com/s?k=9781546148050&i=stripbooks
9781546151609,,,,https://www.amazon.com/s?k=9781546151609&i=stripbooks
9781546151753,,,,https://www.amazon.com/s?k=9781546151753&i=stripbooks
9781546152262,,,,https://www.amazon.com/s?k=9781546152262&i=stripbooks
9781546152323,,,,https://www.amazon.com/s?k=9781546152323&i=stripbooks
9781546152330,,,,https://www.amazon.com/s?k=9781546152330&i=stripbooks
9781546152361,,,,https://www.amazon.com/s?k=9781546152361&i=stripbooks
9781546152378,,,,https://www.amazon.com/s?k=9781546152378&i=stripbooks
9781546152521,,,,https://www.amazon.com/s?k=9781546152521&i=stripbooks
9781546152538,,,,https://www.amazon.com/s?k=9781546152538&i=stripbooks
9781546154273,,,,https://www.amazon.com/s?k=9781546154273&i=stripbooks
9781546154327,,,,https://www.amazon.com/s?k=9781546154327&i=stripbooks
9781546161042,,,,https://www.amazon.com/s?k=9781546161042&i=stripbooks
9781546169628,,,,https://www.amazon.com/s?k=9781546169628&i=stripbooks
9781546171409,,,,https://www.amazon.com/s?k=9781546171409&i=stripbooks
9781546171416,,,,https://www.amazon.com/s?k=9781546171416&i=stripbooks
9781546171423,,,,https://www.amazon.com/s?k=9781546171423&i=stripbooks
9781546171430,,,,https://www.amazon.com/s?k=9781546171430&i=stripbooks
9781546171447,,,,https://www.amazon.com/s?k=9781546171447&i=stripbooks
9781546171454,,,,https://www.amazon.com/s?k=9781546171454&i=stripbooks
9781546171829,,,,https://www.amazon.com/s?k=9781546171829&i=stripbooks
9781546175575,,,,https://www.amazon.com/s?k=9781546175575&i=stripbooks
9781546176428,,,,https://www.amazon.com/s?k=9781546176428&i=stripbooks
9781546176435,,,,https://www.amazon.com/s?k=9781546176435&i=stripbooks
9781546179252,,,,https://www.amazon.com/s?k=9781546179252&i=stripbooks
9781546179399,,,,https://www.amazon.com/s?k=9781546179399&i=stripbooks
9781552388099,,,,https://www.amazon.com/s?k=9781552388099&i=stripbooks
9781557046796,,,,https://www.amazon.com/s?k=9781557046796&i=stripbooks
9781557663214,,,,https://www.amazon.com/s?k=9781557663214&i=stripbooks
9781559363099,,,,https://www.amazon.com/s?k=9781559363099&i=stripbooks
9781560977742,,,,https://www.amazon.com/s?k=9781560977742&i=stripbooks
9781562947309,,,,https://www.amazon.com/s?k=9781562947309&i=stripbooks
9781569757284,,,,https://www.amazon.com/s?k=9781569757284&i=stripbooks
9781578269402,,,,https://www.amazon.com/s?k=9781578269402&i=stripbooks
9781580896627,,,,https://www.amazon.com/s?k=9781580896627&i=stripbooks
9781580898928,,,,https://www.amazon.com/s?k=9781580898928&i=stripbooks
9781580899468,,,,https://www.amazon.com/s?k=9781580899468&i=stripbooks
9781585427109,,,,https://www.amazon.com/s?k=9781585427109&i=stripbooks
9781588166104,,,,https://www.amazon.com/s?k=9781588166104&i=stripbooks
9781589254442,,,,https://www.amazon.com/s?k=9781589254442&i=stripbooks
9781589254459,,,,https://www.amazon.com/s?k=9781589254459&i=stripbooks
9781589254565,,,,https://www.amazon.com/s?k=9781589254565&i=stripbooks
9781589254572,,,,https://www.amazon.com/s?k=9781589254572&i=stripbooks
9781589254756,,,,https://www.amazon.com/s?k=9781589254756&i=stripbooks
9781589254763,,,,https://www.amazon.com/s?k=9781589254763&i=stripbooks
9781589254770,,,,https://www.amazon.com/s?k=9781589254770&i=stripbooks
9781589254787,,,,https://www.amazon.com/s?k=9781589254787&i=stripbooks
9781589254794,,,,https://www.amazon.com/s?k=9781589254794&i=stripbooks
9781589255197,,,,https://www.amazon.com/s?k=9781589255197&i=stripbooks
9781589255203,,,,https://www.amazon.com/s?k=9781589255203&i=stripbooks
9781589255210,,,,https://www.amazon.com/s?k=9781589255210&i=stripbooks
9781589256033,,,,https://www.amazon.com/s?k=9781589256033&i=stripbooks
9781589256262,,,,https://www.amazon.com/s?k=9781589256262&i=stripbooks
9781589258723,,,,https://www.amazon.com/s?k=9781589258723&i=stripbooks
9781589258730,,,,https://www.amazon.com/s?k=9781589258730&i=stripbooks
9781590177174,,,,https://www.amazon.com/s?k=9781590177174&i=stripbooks
9781592408993,,,,https://www.amazon.com/s?k=9781592408993&i=stripbooks
9781602826717,,,,https://www.amazon.com/s?k=9781602826717&i=stripbooks
9781604334517,,,,https://www.amazon.com/s?k=9781604334517&i=stripbooks
9781607749233,,,,https://www.amazon.com/s?k=9781607749233&i=stripbooks
9781607749806,,,,https://www.amazon.com/s?k=9781607749806&i=stripbooks
9781607749813,,,,https://www.amazon.com/s?k=9781607749813&i=stripbooks
9781609457457,,,,https://www.amazon.com/s?k=9781609457457&i=stripbooks
9781611800616,,,,https://www.amazon.com/s?k=9781611800616&i=stripbooks
9781611808056,,,,https://www.amazon.com/s?k=9781611808056&i=stripbooks
9781611809497,,,,https://www.amazon.com/s?k=9781611809497&i=stripbooks
9781612509228,,,,https://www.amazon.com/s?k=9781612509228&i=stripbooks
9781616051372,,,,https://www.amazon.com/s?k=9781616051372&i=stripbooks
9781619693388,,,,https://www.amazon.com/s?k=9781619693388&i=stripbooks
9781623542085,,,,https://www.amazon.com/s?k=9781623542085&i=stripbooks
9781623542122,,,,https://www.amazon.com/s?k=9781623542122&i=stripbooks
9781623542894,,,,https://www.amazon.com/s?k=9781623542894&i=stripbooks
9781625810311,,,,https://www.amazon.com/s?k=9781625810311&i=stripbooks
9781625810571,,,,https://www.amazon.com/s?k=9781625810571&i=stripbooks
9781625810588,,,,https://www.amazon.com/s?k=9781625810588&i=stripbooks
9781631134050,,,,https://www.amazon.com/s?k=9781631134050&i=stripbooks
9781631134074,,,,https://www.amazon.com/s?k=9781631134074&i=stripbooks
9781631134180,,,,https://www.amazon.com/s?k=9781631134180&i=stripbooks
9781631134234,,,,https://www.amazon.com/s?k=9781631134234&i=stripbooks
9781631134241,,,,https://www.amazon.com/s?k=9781631134241&i=stripbooks
9781631138485,,,,https://www.amazon.com/s?k=9781631138485&i=stripbooks
9781631138492,,,,https://www.amazon.com/s?k=9781631138492&i=stripbooks
9781631138539,,,,https://www.amazon.com/s?k=9781631138539&i=stripbooks
9781631138553,,,,https://www.amazon.com/s?k=9781631138553&i=stripbooks
9781631138560,,,,https://www.amazon.com/s?k=9781631138560&i=stripbooks
9781631138577,,,,https://www.amazon.com/s?k=9781631138577&i=stripbooks
9781631138584,,,,https://www.amazon.com/s?k=9781631138584&i=stripbooks
9781631138591,,,,https://www.amazon.com/s?k=9781631138591&i=stripbooks
9781631139291,,,,https://www.amazon.com/s?k=9781631139291&i=stripbooks
9781631139307,,,,https://www.amazon.com/s?k=9781631139307&i=stripbooks
9781631139321,,,,https://www.amazon.com/s?k=9781631139321&i=stripbooks
9781631139338,,,,https://www.amazon.com/s?k=9781631139338&i=stripbooks
9781631139345,,,,https://www.amazon.com/s?k=9781631139345&i=stripbooks
9781631139352,,,,https://www.amazon.com/s?k=9781631139352&i=stripbooks
9781631139574,,,,https://www.amazon.com/s?k=9781631139574&i=stripbooks
9781631139666,,,,https://www.amazon.com/s?k=9781631139666&i=stripbooks
9781631139697,,,,https://www.amazon.com/s?k=9781631139697&i=stripbooks
9781631498671,,,,https://www.amazon.com/s?k=9781631498671&i=stripbooks
9781634977999,,,,https://www.amazon.com/s?k=9781634977999&i=stripbooks
9781635575569,,,,https://www.amazon.com/s?k=9781635575569&i=stripbooks
9781636572994,,,,https://www.amazon.com/s?k=9781636572994&i=stripbooks
9781637168097,,,,https://www.amazon.com/s?k=9781637168097&i=stripbooks
9781638932253,,,,https://www.amazon.com/s?k=9781638932253&i=stripbooks
9781639105731,,,,https://www.amazon.com/s?k=9781639105731&i=stripbooks
9781639620722,,,,https://www.amazon.com/s?k=9781639620722&i=stripbooks
9781639623068,,,,https://www.amazon.com/s?k=9781639623068&i=stripbooks
9781641012102,,,,https://www.amazon.com/s?k=9781641012102&i=stripbooks
9781641012249,,,,https://www.amazon.com/s?k=9781641012249&i=stripbooks
9781641012263,,,,https://www.amazon.com/s?k=9781641012263&i=stripbooks
9781644213810,,,,https://www.amazon.com/s?k=9781644213810&i=stripbooks
9781644732724,,,,https://www.amazon.com/s?k=9781644732724&i=stripbooks
9781644733950,,,,https://www.amazon.com/s?k=9781644733950&i=stripbooks
9781644738092,,,,https://www.amazon.com/s?k=9781644738092&i=stripbooks
9781645471400,,,,https://www.amazon.com/s?k=9781645471400&i=stripbooks
9781645472322,,,,https://www.amazon.com/s?k=9781645472322&i=stripbooks
9781646430338,,,,https://www.amazon.com/s?k=9781646430338&i=stripbooks
9781647222697,,,,https://www.amazon.com/s?k=9781647222697&i=stripbooks
9781664340367,,,,https://www.amazon.com/s?k=9781664340367&i=stripbooks
9781664340572,,,,https://www.amazon.com/s?k=9781664340572&i=stripbooks
9781664340589,,,,https://www.amazon.com/s?k=9781664340589&i=stripbooks
9781664340732,,,,https://www.amazon.com/s?k=9781664340732&i=stripbooks
9781664340749,,,,https://www.amazon.com/s?k=9781664340749&i=stripbooks
9781664340824,,,,https://www.amazon.com/s?k=9781664340824&i=stripbooks
9781664340961,,,,https://www.amazon.com/s?k=9781664340961&i=stripbooks
9781664350212,,,,https://www.amazon.com/s?k=9781664350212&i=stripbooks
9781664350250,,,,https://www.amazon.com/s?k=9781664350250&i=stripbooks
9781664350380,,,,https://www.amazon.com/s?k=9781664350380&i=stripbooks
9781664350496,,,,https://www.amazon.com/s?k=9781664350496&i=stripbooks
9781664350557,,,,https://www.amazon.com/s?k=9781664350557&i=stripbooks
9781664350656,,,,https://www.amazon.com/s?k=9781664350656&i=stripbooks
9781665921312,,,,https://www.amazon.com/s?k=9781665921312&i=stripbooks
9781669915171,,,,https://www.amazon.com/s?k=9781669915171&i=stripbooks
9781669915188,,,,https://www.amazon.com/s?k=9781669915188&i=stripbooks
9781669915195,,,,https://www.amazon.com/s?k=9781669915195&i=stripbooks
9781669915201,,,,https://www.amazon.com/s?k=9781669915201&i=stripbooks
9781669918240,,,,https://www.amazon.com/s?k=9781669918240&i=stripbooks
9781680104189,,,,https://www.amazon.com/s?k=9781680104189&i=stripbooks
9781680105810,,,,https://www.amazon.com/s?k=9781680105810&i=stripbooks
9781680105995,,,,https://www.amazon.com/s?k=9781680105995&i=stripbooks
9781680106022,,,,https://www.amazon.com/s?k=9781680106022&i=stripbooks
9781680106428,,,,https://www.amazon.com/s?k=9781680106428&i=stripbooks
9781680106510,,,,https://www.amazon.com/s?k=9781680106510&i=stripbooks
9781680106527,,,,https://www.amazon.com/s?k=9781680106527&i=stripbooks
9781680106664,,,,https://www.amazon.com/s?k=9781680106664&i=stripbooks
9781680106732,,,,https://www.amazon.com/s?k=9781680106732&i=stripbooks
9781682532379,,,,https://www.amazon.com/s?k=9781682532379&i=stripbooks
9781682630204,,,,https://www.amazon.com/s?k=9781682630204&i=stripbooks
9781682922910,,,,https://www.amazon.com/s?k=9781682922910&i=stripbooks
9781682922941,,,,https://www.amazon.com/s?k=9781682922941&i=stripbooks
9781683692591,,,,https://www.amazon.com/s?k=9781683692591&i=stripbooks
9781683839408,,,,https://www.amazon.com/s?k=9781683839408&i=stripbooks
9781684376513,,,,https://www.amazon.com/s?k=9781684376513&i=stripbooks
9781705113554,,,,https://www.amazon.com/s?k=9781705113554&i=stripbooks
9781705157817,,,,https://www.amazon.com/s?k=9781705157817&i=stripbooks
9781728276120,,,,https://www.amazon.com/s?k=9781728276120&i=stripbooks
9781728296227,,,,https://www.amazon.com/s?k=9781728296227&i=stripbooks
9781728296685,,,,https://www.amazon.com/s?k=9781728296685&i=stripbooks
9781743179567,,,,https://www.amazon.com/s?k=9781743179567&i=stripbooks
9781779514394,,,,https://www.amazon.com/s?k=9781779514394&i=stripbooks
9781779515353,,,,https://www.amazon.com/s?k=9781779515353&i=stripbooks
9781779517906,,,,https://www.amazon.com/s?k=9781779517906&i=stripbooks
9781779518392,,,,https://www.amazon.com/s?k=9781779518392&i=stripbooks
9781779518538,,,,https://www.amazon.com/s?k=9781779518538&i=stripbooks
9781779519832,,,,https://www.amazon.com/s?k=9781779519832&i=stripbooks
9781779527295,,,,https://www.amazon.com/s?k=9781779527295&i=stripbooks
9781782276722,,,,https://www.amazon.com/s?k=9781782276722&i=stripbooks
9781787738607,,,,https://www.amazon.com/s?k=9781787738607&i=stripbooks
9781794745728,,,,https://www.amazon.com/s?k=9781794745728&i=stripbooks
9781797214382,,,,https://www.amazon.com/s?k=9781797214382&i=stripbooks
9781797234342,,,,https://www.amazon.com/s?k=9781797234342&i=stripbooks
9781797235363,,,,https://www.amazon.com/s?k=9781797235363&i=stripbooks
9781835623374,,,,https://www.amazon.com/s?k=9781835623374&i=stripbooks
9781835623527,,,,https://www.amazon.com/s?k=9781835623527&i=stripbooks
9781849538121,,,,https://www.amazon.com/s?k=9781849538121&i=stripbooks
9781878788306,,,,https://www.amazon.com/s?k=9781878788306&i=stripbooks
9781912916870,,,,https://www.amazon.com/s?k=9781912916870&i=stripbooks
9781933605791,,,,https://www.amazon.com/s?k=9781933605791&i=stripbooks
9781943083053,,,,https://www.amazon.com/s?k=9781943083053&i=stripbooks
9781943145317,,,,https://www.amazon.com/s?k=9781943145317&i=stripbooks
9781943200009,,,,https://www.amazon.com/s?k=9781943200009&i=stripbooks
9781945631610,,,,https://www.amazon.com/s?k=9781945631610&i=stripbooks
9781946764539,,,,https://www.amazon.com/s?k=9781946764539&i=stripbooks
9781951213435,,,,https://www.amazon.com/s?k=9781951213435&i=stripbooks
9781953424341,,,,https://www.amazon.com/s?k=9781953424341&i=stripbooks
9781958803837,,,,https://www.amazon.com/s?k=9781958803837&i=stripbooks
9781958803851,,,,https://www.amazon.com/s?k=9781958803851&i=stripbooks
9781984801463,,,,https://www.amazon.com/s?k=9781984801463&i=stripbooks
9781984814524,,,,https://www.amazon.com/s?k=9781984814524&i=stripbooks
9781984823274,,,,https://www.amazon.com/s?k=9781984823274&i=stripbooks
9781984824295,,,,https://www.amazon.com/s?k=9781984824295&i=stripbooks
9781984825575,,,,https://www.amazon.com/s?k=9781984825575&i=stripbooks
9781984830203,,,,https://www.amazon.com/s?k=9781984830203&i=stripbooks
9781984830241,,,,https://www.amazon.com/s?k=9781984830241&i=stripbooks
9781984830272,,,,https://www.amazon.com/s?k=9781984830272&i=stripbooks
9781984862761,,,,https://www.amazon.com/s?k=9781984862761&i=stripbooks
9781984862778,,,,https://www.amazon.com/s?k=9781984862778&i=stripbooks
9781984863614,,,,https://www.amazon.com/s?k=9781984863614&i=stripbooks
9781984879295,,,,https://www.amazon.com/s?k=9781984879295&i=stripbooks
9781984896391,,,,https://www.amazon.com/s?k=9781984896391&i=stripbooks
9781984896438,,,,https://www.amazon.com/s?k=9781984896438&i=stripbooks
9782764347140,,,,https://www.amazon.com/s?k=9782764347140&i=stripbooks
9782764347157,,,,https://www.amazon.com/s?k=9782764347157&i=stripbooks
9782764379431,,,,https://www.amazon.com/s?k=9782764379431&i=stripbooks
9783791339771,,,,https://www.amazon.com/s?k=9783791339771&i=stripbooks
9783791343310,,,,https://www.amazon.com/s?k=9783791343310&i=stripbooks
9783791346199,,,,https://www.amazon.com/s?k=9783791346199&i=stripbooks
9783791346595,,,,https://www.amazon.com/s?k=9783791346595&i=stripbooks
9783791370996,,,,https://www.amazon.com/s?k=9783791370996&i=stripbooks
9783791371399,,,,https://www.amazon.com/s?k=9783791371399&i=stripbooks
9783791372273,,,,https://www.amazon.com/s?k=9783791372273&i=stripbooks
9783791374499,,,,https://www.amazon.com/s?k=9783791374499&i=stripbooks
9783791374918,,,,https://www.amazon.com/s?k=9783791374918&i=stripbooks
9783791377049,,,,https://www.amazon.com/s?k=9783791377049&i=stripbooks
9783791377223,,,,https://www.amazon.com/s?k=9783791377223&i=stripbooks
9783791379685,,,,https://www.amazon.com/s?k=9783791379685&i=stripbooks
9783791381534,,,,https://www.amazon.com/s?k=9783791381534&i=stripbooks
9783791386614,,,,https://www.amazon.com/s?k=9783791386614&i=stripbooks
9783791387369,,,,https://www.amazon.com/s?k=9783791387369&i=stripbooks
9783791387932,,,,https://www.amazon.com/s?k=9783791387932&i=stripbooks
9783791388243,,,,https://www.amazon.com/s?k=9783791388243&i=stripbooks
9783791389516,,,,https://www.amazon.com/s?k=9783791389516&i=stripbooks
9783791393001,,,,https://www.amazon.com/s?k=9783791393001&i=stripbooks
9783791393766,,,,https://www.amazon.com/s?k=9783791393766&i=stripbooks
9783791393810,,,,https://www.amazon.com/s?k=9783791393810&i=stripbooks
9783836500852,,,,https://www.amazon.com/s?k=9783836500852&i=stripbooks
9783836523370,,,,https://www.amazon.com/s?k=9783836523370&i=stripbooks
9783836527361,,,,https://www.amazon.com/s?k=9783836527361&i=stripbooks
9783836532136,,,,https://www.amazon.com/s?k=9783836532136&i=stripbooks
9783836537162,,,,https://www.amazon.com/s?k=9783836537162&i=stripbooks
9783836543897,,,,https://www.amazon.com/s?k=9783836543897&i=stripbooks
9783836548342,,,,https://www.amazon.com/s?k=9783836548342&i=stripbooks
9783937855073,,,,https://www.amazon.com/s?k=9783937855073&i=stripbooks
9784805317723,,,,https://www.amazon.com/s?k=9784805317723&i=stripbooks
9786070128424,,,,https://www.amazon.com/s?k=9786070128424&i=stripbooks
9786070128486,,,,https://www.amazon.com/s?k=9786070128486&i=stripbooks
9786070128851,,,,https://www.amazon.com/s?k=9786070128851&i=stripbooks
9786070128875,,,,https://www.amazon.com/s?k=9786070128875&i=stripbooks
9786070128912,,,,https://www.amazon.com/s?k=9786070128912&i=stripbooks
9786070129612,,,,https://www.amazon.com/s?k=9786070129612&i=stripbooks
9786070129957,,,,https://www.amazon.com/s?k=9786070129957&i=stripbooks
9786070133404,,,,https://www.amazon.com/s?k=9786070133404&i=stripbooks
9786070133947,,,,https://www.amazon.com/s?k=9786070133947&i=stripbooks
9786070134180,,,,https://www.amazon.com/s?k=9786070134180&i=stripbooks
9786070136962,,,,https://www.amazon.com/s?k=9786070136962&i=stripbooks
9786070137358,,,,https://www.amazon.com/s?k=9786070137358&i=stripbooks
9786070138348,,,,https://www.amazon.com/s?k=9786070138348&i=stripbooks
9786070138386,,,,https://www.amazon.com/s?k=9786070138386&i=stripbooks
9786073157384,,,,https://www.amazon.com/s?k=9786073157384&i=stripbooks
9786077458586,,,,https://www.amazon.com/s?k=9786077458586&i=stripbooks
9786180510942,,,,https://www.amazon.com/s?k=9786180510942&i=stripbooks
9786180510966,,,,https://www.amazon.com/s?k=9786180510966&i=stripbooks
9786180511895,,,,https://www.amazon.com/s?k=9786180511895&i=stripbooks
9786180511918,,,,https://www.amazon.com/s?k=9786180511918&i=stripbooks
9786180511932,,,,https://www.amazon.com/s?k=9786180511932&i=stripbooks
9786180513059,,,,https://www.amazon.com/s?k=9786180513059&i=stripbooks
9786180513080,,,,https://www.amazon.com/s?k=9786180513080&i=stripbooks
9786180513578,,,,https://www.amazon.com/s?k=9786180513578&i=stripbooks
9786180513639,,,,https://www.amazon.com/s?k=9786180513639&i=stripbooks
9786180513646,,,,https://www.amazon.com/s?k=9786180513646&i=stripbooks
9786180516432,,,,https://www.amazon.com/s?k=9786180516432&i=stripbooks
9786180516456,,,,https://www.amazon.com/s?k=9786180516456&i=stripbooks
9786180516470,,,,https://www.amazon.com/s?k=9786180516470&i=stripbooks
9786180516739,,,,https://www.amazon.com/s?k=9786180516739&i=stripbooks
9786180521535,,,,https://www.amazon.com/s?k=9786180521535&i=stripbooks
9786180548464,,,,https://www.amazon.com/s?k=9786180548464&i=stripbooks
9786180561852,,,,https://www.amazon.com/s?k=9786180561852&i=stripbooks
9786180561869,,,,https://www.amazon.com/s?k=9786180561869&i=stripbooks
9786180561883,,,,https://www.amazon.com/s?k=9786180561883&i=stripbooks
9786180561890,,,,https://www.amazon.com/s?k=9786180561890&i=stripbooks
9786180561906,,,,https://www.amazon.com/s?k=9786180561906&i=stripbooks
9786180565027,,,,https://www.amazon.com/s?k=9786180565027&i=stripbooks
9786180565058,,,,https://www.amazon.com/s?k=9786180565058&i=stripbooks
9786180565171,,,,https://www.amazon.com/s?k=9786180565171&i=stripbooks
9786180565188,,,,https://www.amazon.com/s?k=9786180565188&i=stripbooks
9786180565218,,,,https://www.amazon.com/s?k=9786180565218&i=stripbooks
9786180566147,,,,https://www.amazon.com/s?k=9786180566147&i=stripbooks
9786180566154,,,,https://www.amazon.com/s?k=9786180566154&i=stripbooks
9786180566222,,,,https://www.amazon.com/s?k=9786180566222&i=stripbooks
9786180570700,,,,https://www.amazon.com/s?k=9786180570700&i=stripbooks
9786180570717,,,,https://www.amazon.com/s?k=9786180570717&i=stripbooks
9786180570724,,,,https://www.amazon.com/s?k=9786180570724&i=stripbooks
9786180570731,,,,https://www.amazon.com/s?k=9786180570731&i=stripbooks
9786180572599,,,,https://www.amazon.com/s?k=9786180572599&i=stripbooks
9786180573435,,,,https://www.amazon.com/s?k=9786180573435&i=stripbooks
9786180573442,,,,https://www.amazon.com/s?k=9786180573442&i=stripbooks
9786180573459,,,,https://www.amazon.com/s?k=9786180573459&i=stripbooks
9786180573466,,,,https://www.amazon.com/s?k=9786180573466&i=stripbooks
9786310057132,,,,https://www.amazon.com/s?k=9786310057132&i=stripbooks
9786310073385,,,,https://www.amazon.com/s?k=9786310073385&i=stripbooks
9786313000074,,,,https://www.amazon.com/s?k=9786313000074&i=stripbooks
9786313000388,,,,https://www.amazon.com/s?k=9786313000388&i=stripbooks
9786313000685,,,,https://www.amazon.com/s?k=9786313000685&i=stripbooks
9786313000845,,,,https://www.amazon.com/s?k=9786313000845&i=stripbooks
9786313001071,,,,https://www.amazon.com/s?k=9786313001071&i=stripbooks
9786313001101,,,,https://www.amazon.com/s?k=9786313001101&i=stripbooks
9786313001248,,,,https://www.amazon.com/s?k=9786313001248&i=stripbooks
9786313001316,,,,https://www.amazon.com/s?k=9786313001316&i=stripbooks
9786313001330,,,,https://www.amazon.com/s?k=9786313001330&i=stripbooks
9786313001347,,,,https://www.amazon.com/s?k=9786313001347&i=stripbooks
9786313001453,,,,https://www.amazon.com/s?k=9786313001453&i=stripbooks
9786313002917,,,,https://www.amazon.com/s?k=9786313002917&i=stripbooks
9786313003655,,,,https://www.amazon.com/s?k=9786313003655&i=stripbooks
9786313004034,,,,https://www.amazon.com/s?k=9786313004034&i=stripbooks
9786313010202,,,,https://www.amazon.com/s?k=9786313010202&i=stripbooks
9786313010516,,,,https://www.amazon.com/s?k=9786313010516&i=stripbooks
9786313010974,,,,https://www.amazon.com/s?k=9786313010974&i=stripbooks
9786313011032,,,,https://www.amazon.com/s?k=9786313011032&i=stripbooks
9786313011056,,,,https://www.amazon.com/s?k=9786313011056&i=stripbooks
9786313011490,,,,https://www.amazon.com/s?k=9786313011490&i=stripbooks
9786313011810,,,,https://www.amazon.com/s?k=9786313011810&i=stripbooks
9786313011995,,,,https://www.amazon.com/s?k=9786313011995&i=stripbooks
9786313012114,,,,https://www.amazon.com/s?k=9786313012114&i=stripbooks
9786313012206,,,,https://www.amazon.com/s?k=9786313012206&i=stripbooks
9786313070015,,,,https://www.amazon.com/s?k=9786313070015&i=stripbooks
9786313070046,,,,https://www.amazon.com/s?k=9786313070046&i=stripbooks
9786313070053,,,,https://www.amazon.com/s?k=9786313070053&i=stripbooks
9786313070640,,,,https://www.amazon.com/s?k=9786313070640&i=stripbooks
9786313070657,,,,https://www.amazon.com/s?k=9786313070657&i=stripbooks
9786313070664,,,,https://www.amazon.com/s?k=9786313070664&i=stripbooks
9786313070671,,,,https://www.amazon.com/s?k=9786313070671&i=stripbooks
9786313070688,,,,https://www.amazon.com/s?k=9786313070688&i=stripbooks
9786313070695,,,,https://www.amazon.com/s?k=9786313070695&i=stripbooks
9786313070701,,,,https://www.amazon.com/s?k=9786313070701&i=stripbooks
9786313070718,,,,https://www.amazon.com/s?k=9786313070718&i=stripbooks
9786313072705,,,,https://www.amazon.com/s?k=9786313072705&i=stripbooks
9786316508560,,,,https://www.amazon.com/s?k=9786316508560&i=stripbooks
9786316533180,,,,https://www.amazon.com/s?k=9786316533180&i=stripbooks
9786316533227,,,,https://www.amazon.com/s?k=9786316533227&i=stripbooks
9786316553027,,,,https://www.amazon.com/s?k=9786316553027&i=stripbooks
9786316553034,,,,https://www.amazon.com/s?k=9786316553034&i=stripbooks
9786316553126,,,,https://www.amazon.com/s?k=9786316553126&i=stripbooks
9786316553157,,,,https://www.amazon.com/s?k=9786316553157&i=stripbooks
9786316553195,,,,https://www.amazon.com/s?k=9786316553195&i=stripbooks
9786316553256,,,,https://www.amazon.com/s?k=9786316553256&i=stripbooks
9786316587411,,,,https://www.amazon.com/s?k=9786316587411&i=stripbooks
9786316592477,,,,https://www.amazon.com/s?k=9786316592477&i=stripbooks
9786316592651,,,,https://www.amazon.com/s?k=9786316592651&i=stripbooks
9786316598974,,,,https://www.amazon.com/s?k=9786316598974&i=stripbooks
9786316598998,,,,https://www.amazon.com/s?k=9786316598998&i=stripbooks
9786316620231,,,,https://www.amazon.com/s?k=9786316620231&i=stripbooks
9786316620293,,,,https://www.amazon.com/s?k=9786316620293&i=stripbooks
9786316620323,,,,https://www.amazon.com/s?k=9786316620323&i=stripbooks
9786316620514,,,,https://www.amazon.com/s?k=9786316620514&i=stripbooks
9786316620521,,,,https://www.amazon.com/s?k=9786316620521&i=stripbooks
9786316675651,,,,https://www.amazon.com/s?k=9786316675651&i=stripbooks
9786316691149,,,,https://www.amazon.com/s?k=9786316691149&i=stripbooks
9786316691231,,,,https://www.amazon.com/s?k=9786316691231&i=stripbooks
9786316691262,,,,https://www.amazon.com/s?k=9786316691262&i=stripbooks
9786316708007,,,,https://www.amazon.com/s?k=9786316708007&i=stripbooks
9786319091427,,,,https://www.amazon.com/s?k=9786319091427&i=stripbooks
9786379073805,,,,https://www.amazon.com/s?k=9786379073805&i=stripbooks
9787558197758,,,,https://www.amazon.com/s?k=9787558197758&i=stripbooks
9788408236955,,,,https://www.amazon.com/s?k=9788408236955&i=stripbooks
9788412071849,,,,https://www.amazon.com/s?k=9788412071849&i=stripbooks
9788412071863,,,,https://www.amazon.com/s?k=9788412071863&i=stripbooks
9788412841206,,,,https://www.amazon.com/s?k=9788412841206&i=stripbooks
9788412841213,,,,https://www.amazon.com/s?k=9788412841213&i=stripbooks
9788412981575,,,,https://www.amazon.com/s?k=9788412981575&i=stripbooks
9788416859344,,,,https://www.amazon.com/s?k=9788416859344&i=stripbooks
9788416867691,,,,https://www.amazon.com/s?k=9788416867691&i=stripbooks
9788418417757,,,,https://www.amazon.com/s?k=9788418417757&i=stripbooks
9788423347926,,,,https://www.amazon.com/s?k=9788423347926&i=stripbooks
9788423431397,,,,https://www.amazon.com/s?k=9788423431397&i=stripbooks
9788425361005,,,,https://www.amazon.com/s?k=9788425361005&i=stripbooks
9788425362651,,,,https://www.amazon.com/s?k=9788425362651&i=stripbooks
9788425362668,,,,https://www.amazon.com/s?k=9788425362668&i=stripbooks
9788425362682,,,,https://www.amazon.com/s?k=9788425362682&i=stripbooks
9788425363696,,,,https://www.amazon.com/s?k=9788425363696&i=stripbooks
9788425365188,,,,https://www.amazon.com/s?k=9788425365188&i=stripbooks
9788426407528,,,,https://www.amazon.com/s?k=9788426407528&i=stripbooks
9788426481184,,,,https://www.amazon.com/s?k=9788426481184&i=stripbooks
9788426481818,,,,https://www.amazon.com/s?k=9788426481818&i=stripbooks
9788426735676,,,,https://www.amazon.com/s?k=9788426735676&i=stripbooks
9788427047952,,,,https://www.amazon.com/s?k=9788427047952&i=stripbooks
9788430616541,,,,https://www.amazon.com/s?k=9788430616541&i=stripbooks
9788432213755,,,,https://www.amazon.com/s?k=9788432213755&i=stripbooks
9788432239540,,,,https://www.amazon.com/s?k=9788432239540&i=stripbooks
9788433908414,,,,https://www.amazon.com/s?k=9788433908414&i=stripbooks
9788434435988,,,,https://www.amazon.com/s?k=9788434435988&i=stripbooks
9788439734727,,,,https://www.amazon.com/s?k=9788439734727&i=stripbooks
9788439734840,,,,https://www.amazon.com/s?k=9788439734840&i=stripbooks
9788439735908,,,,https://www.amazon.com/s?k=9788439735908&i=stripbooks
9788439737155,,,,https://www.amazon.com/s?k=9788439737155&i=stripbooks
9788439737469,,,,https://www.amazon.com/s?k=9788439737469&i=stripbooks
9788439738640,,,,https://www.amazon.com/s?k=9788439738640&i=stripbooks
9788448854072,,,,https://www.amazon.com/s?k=9788448854072&i=stripbooks
9788449336485,,,,https://www.amazon.com/s?k=9788449336485&i=stripbooks
9788449338984,,,,https://www.amazon.com/s?k=9788449338984&i=stripbooks
9788449339516,,,,https://www.amazon.com/s?k=9788449339516&i=stripbooks
9788449340925,,,,https://www.amazon.com/s?k=9788449340925&i=stripbooks
9788466334631,,,,https://www.amazon.com/s?k=9788466334631&i=stripbooks
9788466352178,,,,https://www.amazon.com/s?k=9788466352178&i=stripbooks
9788466357432,,,,https://www.amazon.com/s?k=9788466357432&i=stripbooks
9788466373098,,,,https://www.amazon.com/s?k=9788466373098&i=stripbooks
9788466373180,,,,https://www.amazon.com/s?k=9788466373180&i=stripbooks
9788466668569,,,,https://www.amazon.com/s?k=9788466668569&i=stripbooks
9788466676069,,,,https://www.amazon.com/s?k=9788466676069&i=stripbooks
9788467055177,,,,https://www.amazon.com/s?k=9788467055177&i=stripbooks
9788467075700,,,,https://www.amazon.com/s?k=9788467075700&i=stripbooks
9788467075717,,,,https://www.amazon.com/s?k=9788467075717&i=stripbooks
9788490328132,,,,https://www.amazon.com/s?k=9788490328132&i=stripbooks
9788490430040,,,,https://www.amazon.com/s?k=9788490430040&i=stripbooks
9788490623831,,,,https://www.amazon.com/s?k=9788490623831&i=stripbooks
9788490625101,,,,https://www.amazon.com/s?k=9788490625101&i=stripbooks
9788490705926,,,,https://www.amazon.com/s?k=9788490705926&i=stripbooks
9788490706398,,,,https://www.amazon.com/s?k=9788490706398&i=stripbooks
9788491054979,,,,https://www.amazon.com/s?k=9788491054979&i=stripbooks
9788491991649,,,,https://www.amazon.com/s?k=9788491991649&i=stripbooks
9788491992622,,,,https://www.amazon.com/s?k=9788491992622&i=stripbooks
9788491993728,,,,https://www.amazon.com/s?k=9788491993728&i=stripbooks
9788494171444,,,,https://www.amazon.com/s?k=9788494171444&i=stripbooks
9788494180200,,,,https://www.amazon.com/s?k=9788494180200&i=stripbooks
9788494220524,,,,https://www.amazon.com/s?k=9788494220524&i=stripbooks
9788494220555,,,,https://www.amazon.com/s?k=9788494220555&i=stripbooks
9788494799136,,,,https://www.amazon.com/s?k=9788494799136&i=stripbooks
9788494851957,,,,https://www.amazon.com/s?k=9788494851957&i=stripbooks
9788494851964,,,,https://www.amazon.com/s?k=9788494851964&i=stripbooks
9788494851988,,,,https://www.amazon.com/s?k=9788494851988&i=stripbooks
9788494852053,,,,https://www.amazon.com/s?k=9788494852053&i=stripbooks
9788497593267,,,,https://www.amazon.com/s?k=9788497593267&i=stripbooks
9788498755343,,,,https://www.amazon.com/s?k=9788498755343&i=stripbooks
9788499086958,,,,https://www.amazon.com/s?k=9788499086958&i=stripbooks
9788499429618,,,,https://www.amazon.com/s?k=9788499429618&i=stripbooks
9788499928906,,,,https://www.amazon.com/s?k=9788499928906&i=stripbooks
9788499989334,,,,https://www.amazon.com/s?k=9788499989334&i=stripbooks
9789339772338,,,,https://www.amazon.com/s?k=9789339772338&i=stripbooks
9789390354160,,,,https://www.amazon.com/s?k=9789390354160&i=stripbooks
9789500205092,,,,https://www.amazon.com/s?k=9789500205092&i=stripbooks
9789500205191,,,,https://www.amazon.com/s?k=9789500205191&i=stripbooks
9789500210508,,,,https://www.amazon.com/s?k=9789500210508&i=stripbooks
9789500211208,,,,https://www.amazon.com/s?k=9789500211208&i=stripbooks
9789500212250,,,,https://www.amazon.com/s?k=9789500212250&i=stripbooks
9789500212281,,,,https://www.amazon.com/s?k=9789500212281&i=stripbooks
9789500212342,,,,https://www.amazon.com/s?k=9789500212342&i=stripbooks
9789500212403,,,,https://www.amazon.com/s?k=9789500212403&i=stripbooks
9789500212847,,,,https://www.amazon.com/s?k=9789500212847&i=stripbooks
9789500212861,,,,https://www.amazon.com/s?k=9789500212861&i=stripbooks
9789500212946,,,,https://www.amazon.com/s?k=9789500212946&i=stripbooks
9789500213134,,,,https://www.amazon.com/s?k=9789500213134&i=stripbooks
9789500213394,,,,https://www.amazon.com/s?k=9789500213394&i=stripbooks
9789500213592,,,,https://www.amazon.com/s?k=9789500213592&i=stripbooks
9789500213615,,,,https://www.amazon.com/s?k=9789500213615&i=stripbooks
9789500214735,,,,https://www.amazon.com/s?k=9789500214735&i=stripbooks
9789500214971,,,,https://www.amazon.com/s?k=9789500214971&i=stripbooks
9789500214995,,,,https://www.amazon.com/s?k=9789500214995&i=stripbooks
9789500215602,,,,https://www.amazon.com/s?k=9789500215602&i=stripbooks
9789500215664,,,,https://www.amazon.com/s?k=9789500215664&i=stripbooks
9789500216166,,,,https://www.amazon.com/s?k=9789500216166&i=stripbooks
9789500216265,,,,https://www.amazon.com/s?k=9789500216265&i=stripbooks
9789500216296,,,,https://www.amazon.com/s?k=9789500216296&i=stripbooks
9789500216340,,,,https://www.amazon.com/s?k=9789500216340&i=stripbooks
9789500216470,,,,https://www.amazon.com/s?k=9789500216470&i=stripbooks
9789500216593,,,,https://www.amazon.com/s?k=9789500216593&i=stripbooks
9789500253383,,,,https://www.amazon.com/s?k=9789500253383&i=stripbooks
9789500253390,,,,https://www.amazon.com/s?k=9789500253390&i=stripbooks
9789500428811,,,,https://www.amazon.com/s?k=9789500428811&i=stripbooks
9789500432016,,,,https://www.amazon.com/s?k=9789500432016&i=stripbooks
9789500444385,,,,https://www.amazon.com/s?k=9789500444385&i=stripbooks
9789500444408,,,,https://www.amazon.com/s?k=9789500444408&i=stripbooks
9789500444415,,,,https://www.amazon.com/s?k=9789500444415&i=stripbooks
9789500444422,,,,https://www.amazon.com/s?k=9789500444422&i=stripbooks
9789500713993,,,,https://www.amazon.com/s?k=9789500713993&i=stripbooks
9789500724678,,,,https://www.amazon.com/s?k=9789500724678&i=stripbooks
9789500740814,,,,https://www.amazon.com/s?k=9789500740814&i=stripbooks
9789500749282,,,,https://www.amazon.com/s?k=9789500749282&i=stripbooks
9789500762038,,,,https://www.amazon.com/s?k=9789500762038&i=stripbooks
9789500765596,,,,https://www.amazon.com/s?k=9789500765596&i=stripbooks
9789500767866,,,,https://www.amazon.com/s?k=9789500767866&i=stripbooks
9789500769150,,,,https://www.amazon.com/s?k=9789500769150&i=stripbooks
9789500769976,,,,https://www.amazon.com/s?k=9789500769976&i=stripbooks
9789500770781,,,,https://www.amazon.com/s?k=9789500770781&i=stripbooks
9789500770880,,,,https://www.amazon.com/s?k=9789500770880&i=stripbooks
9789500771184,,,,https://www.amazon.com/s?k=9789500771184&i=stripbooks
9789500771399,,,,https://www.amazon.com/s?k=9789500771399&i=stripbooks
9789500771894,,,,https://www.amazon.com/s?k=9789500771894&i=stripbooks
9789500771962,,,,https://www.amazon.com/s?k=9789500771962&i=stripbooks
9789500772310,,,,https://www.amazon.com/s?k=9789500772310&i=stripbooks
9789500772563,,,,https://www.amazon.com/s?k=9789500772563&i=stripbooks
9789500772686,,,,https://www.amazon.com/s?k=9789500772686&i=stripbooks
9789500772716,,,,https://www.amazon.com/s?k=9789500772716&i=stripbooks
9789500772754,,,,https://www.amazon.com/s?k=9789500772754&i=stripbooks
9789501109771,,,,https://www.amazon.com/s?k=9789501109771&i=stripbooks
9789501109788,,,,https://www.amazon.com/s?k=9789501109788&i=stripbooks
9789501119640,,,,https://www.amazon.com/s?k=9789501119640&i=stripbooks
9789501119664,,,,https://www.amazon.com/s?k=9789501119664&i=stripbooks
9789501119701,,,,https://www.amazon.com/s?k=9789501119701&i=stripbooks
9789501119718,,,,https://www.amazon.com/s?k=9789501119718&i=stripbooks
9789501121490,,,,https://www.amazon.com/s?k=9789501121490&i=stripbooks
9789501126426,,,,https://www.amazon.com/s?k=9789501126426&i=stripbooks
9789501127096,,,,https://www.amazon.com/s?k=9789501127096&i=stripbooks
9789501129366,,,,https://www.amazon.com/s?k=9789501129366&i=stripbooks
9789501129373,,,,https://www.amazon.com/s?k=9789501129373&i=stripbooks
9789501129502,,,,https://www.amazon.com/s?k=9789501129502&i=stripbooks
9789501129519,,,,https://www.amazon.com/s?k=9789501129519&i=stripbooks
9789501129526,,,,https://www.amazon.com/s?k=9789501129526&i=stripbooks
9789501131079,,,,https://www.amazon.com/s?k=9789501131079&i=stripbooks
9789501132090,,,,https://www.amazon.com/s?k=9789501132090&i=stripbooks
9789501132465,,,,https://www.amazon.com/s?k=9789501132465&i=stripbooks
9789501132489,,,,https://www.amazon.com/s?k=9789501132489&i=stripbooks
9789501132830,,,,https://www.amazon.com/s?k=9789501132830&i=stripbooks
9789501132939,,,,https://www.amazon.com/s?k=9789501132939&i=stripbooks
9789501132946,,,,https://www.amazon.com/s?k=9789501132946&i=stripbooks
9789501132953,,,,https://www.amazon.com/s?k=9789501132953&i=stripbooks
9789501135008,,,,https://www.amazon.com/s?k=9789501135008&i=stripbooks
9789501136562,,,,https://www.amazon.com/s?k=9789501136562&i=stripbooks
9789501136579,,,,https://www.amazon.com/s?k=9789501136579&i=stripbooks
9789501136586,,,,https://www.amazon.com/s?k=9789501136586&i=stripbooks
9789501137026,,,,https://www.amazon.com/s?k=9789501137026&i=stripbooks
9789501137040,,,,https://www.amazon.com/s?k=9789501137040&i=stripbooks
9789501137231,,,,https://www.amazon.com/s?k=9789501137231&i=stripbooks
9789501138320,,,,https://www.amazon.com/s?k=9789501138320&i=stripbooks
9789501138450,,,,https://www.amazon.com/s?k=9789501138450&i=stripbooks
9789501138467,,,,https://www.amazon.com/s?k=9789501138467&i=stripbooks
9789501201192,,,,https://www.amazon.com/s?k=9789501201192&i=stripbooks
9789501202854,,,,https://www.amazon.com/s?k=9789501202854&i=stripbooks
9789501205237,,,,https://www.amazon.com/s?k=9789501205237&i=stripbooks
9789501206517,,,,https://www.amazon.com/s?k=9789501206517&i=stripbooks
9789501209211,,,,https://www.amazon.com/s?k=9789501209211&i=stripbooks
9789501293180,,,,https://www.amazon.com/s?k=9789501293180&i=stripbooks
9789501294828,,,,https://www.amazon.com/s?k=9789501294828&i=stripbooks
9789501295078,,,,https://www.amazon.com/s?k=9789501295078&i=stripbooks
9789501297607,,,,https://www.amazon.com/s?k=9789501297607&i=stripbooks
9789501297737,,,,https://www.amazon.com/s?k=9789501297737&i=stripbooks
9789501298123,,,,https://www.amazon.com/s?k=9789501298123&i=stripbooks
9789501298949,,,,https://www.amazon.com/s?k=9789501298949&i=stripbooks
9789501299175,,,,https://www.amazon.com/s?k=9789501299175&i=stripbooks
9789501511284,,,,https://www.amazon.com/s?k=9789501511284&i=stripbooks
9789501513882,,,,https://www.amazon.com/s?k=9789501513882&i=stripbooks
9789501532234,,,,https://www.amazon.com/s?k=9789501532234&i=stripbooks
9789501532487,,,,https://www.amazon.com/s?k=9789501532487&i=stripbooks
9789501532951,,,,https://www.amazon.com/s?k=9789501532951&i=stripbooks
9789502401683,,,,https://www.amazon.com/s?k=9789502401683&i=stripbooks
9789502408040,,,,https://www.amazon.com/s?k=9789502408040&i=stripbooks
9789502408057,,,,https://www.amazon.com/s?k=9789502408057&i=stripbooks
9789502408064,,,,https://www.amazon.com/s?k=9789502408064&i=stripbooks
9789502408415,,,,https://www.amazon.com/s?k=9789502408415&i=stripbooks
9789502408439,,,,https://www.amazon.com/s?k=9789502408439&i=stripbooks
9789502409467,,,,https://www.amazon.com/s?k=9789502409467&i=stripbooks
9789502410883,,,,https://www.amazon.com/s?k=9789502410883&i=stripbooks
9789502413266,,,,https://www.amazon.com/s?k=9789502413266&i=stripbooks
9789502413297,,,,https://www.amazon.com/s?k=9789502413297&i=stripbooks
9789502413310,,,,https://www.amazon.com/s?k=9789502413310&i=stripbooks
9789502413365,,,,https://www.amazon.com/s?k=9789502413365&i=stripbooks
9789502413372,,,,https://www.amazon.com/s?k=9789502413372&i=stripbooks
9789502413730,,,,https://www.amazon.com/s?k=9789502413730&i=stripbooks
9789502414256,,,,https://www.amazon.com/s?k=9789502414256&i=stripbooks
9789502414263,,,,https://www.amazon.com/s?k=9789502414263&i=stripbooks
9789502414294,,,,https://www.amazon.com/s?k=9789502414294&i=stripbooks
9789502414300,,,,https://www.amazon.com/s?k=9789502414300&i=stripbooks
9789502414317,,,,https://www.amazon.com/s?k=9789502414317&i=stripbooks
9789502414508,,,,https://www.amazon.com/s?k=9789502414508&i=stripbooks
9789502414515,,,,https://www.amazon.com/s?k=9789502414515&i=stripbooks
9789502414829,,,,https://www.amazon.com/s?k=9789502414829&i=stripbooks
9789502414881,,,,https://www.amazon.com/s?k=9789502414881&i=stripbooks
9789502414904,,,,https://www.amazon.com/s?k=9789502414904&i=stripbooks
9789502414997,,,,https://www.amazon.com/s?k=9789502414997&i=stripbooks
9789502415024,,,,https://www.amazon.com/s?k=9789502415024&i=stripbooks
9789502415048,,,,https://www.amazon.com/s?k=9789502415048&i=stripbooks
9789502415055,,,,https://www.amazon.com/s?k=9789502415055&i=stripbooks
9789502415079,,,,https://www.amazon.com/s?k=9789502415079&i=stripbooks
9789502415086,,,,https://www.amazon.com/s?k=9789502415086&i=stripbooks
9789502415093,,,,https://www.amazon.com/s?k=9789502415093&i=stripbooks
9789502415116,,,,https://www.amazon.com/s?k=9789502415116&i=stripbooks
9789502415123,,,,https://www.amazon.com/s?k=9789502415123&i=stripbooks
9789502415130,,,,https://www.amazon.com/s?k=9789502415130&i=stripbooks
9789502415208,,,,https://www.amazon.com/s?k=9789502415208&i=stripbooks
9789502415314,,,,https://www.amazon.com/s?k=9789502415314&i=stripbooks
9789502415420,,,,https://www.amazon.com/s?k=9789502415420&i=stripbooks
9789502415437,,,,https://www.amazon.com/s?k=9789502415437&i=stripbooks
9789502415468,,,,https://www.amazon.com/s?k=9789502415468&i=stripbooks
9789502415475,,,,https://www.amazon.com/s?k=9789502415475&i=stripbooks
9789502415482,,,,https://www.amazon.com/s?k=9789502415482&i=stripbooks
9789502415499,,,,https://www.amazon.com/s?k=9789502415499&i=stripbooks
9789502415550,,,,https://www.amazon.com/s?k=9789502415550&i=stripbooks
9789502415611,,,,https://www.amazon.com/s?k=9789502415611&i=stripbooks
9789502415765,,,,https://www.amazon.com/s?k=9789502415765&i=stripbooks
9789502415772,,,,https://www.amazon.com/s?k=9789502415772&i=stripbooks
9789502415802,,,,https://www.amazon.com/s?k=9789502415802&i=stripbooks
9789502415857,,,,https://www.amazon.com/s?k=9789502415857&i=stripbooks
9789502415987,,,,https://www.amazon.com/s?k=9789502415987&i=stripbooks
9789502416045,,,,https://www.amazon.com/s?k=9789502416045&i=stripbooks
9789502416335,,,,https://www.amazon.com/s?k=9789502416335&i=stripbooks
9789502416465,,,,https://www.amazon.com/s?k=9789502416465&i=stripbooks
9789502416472,,,,https://www.amazon.com/s?k=9789502416472&i=stripbooks
9789502416489,,,,https://www.amazon.com/s?k=9789502416489&i=stripbooks
9789502416496,,,,https://www.amazon.com/s?k=9789502416496&i=stripbooks
9789502416502,,,,https://www.amazon.com/s?k=9789502416502&i=stripbooks
9789502416526,,,,https://www.amazon.com/s?k=9789502416526&i=stripbooks
9789502416618,,,,https://www.amazon.com/s?k=9789502416618&i=stripbooks
9789502416663,,,,https://www.amazon.com/s?k=9789502416663&i=stripbooks
9789502416724,,,,https://www.amazon.com/s?k=9789502416724&i=stripbooks
9789502416809,,,,https://www.amazon.com/s?k=9789502416809&i=stripbooks
9789502416878,,,,https://www.amazon.com/s?k=9789502416878&i=stripbooks
9789502416885,,,,https://www.amazon.com/s?k=9789502416885&i=stripbooks
9789502416892,,,,https://www.amazon.com/s?k=9789502416892&i=stripbooks
9789502416908,,,,https://www.amazon.com/s?k=9789502416908&i=stripbooks
9789502417035,,,,https://www.amazon.com/s?k=9789502417035&i=stripbooks
9789502417042,,,,https://www.amazon.com/s?k=9789502417042&i=stripbooks
9789502417059,,,,https://www.amazon.com/s?k=9789502417059&i=stripbooks
9789502417066,,,,https://www.amazon.com/s?k=9789502417066&i=stripbooks
9789502417073,,,,https://www.amazon.com/s?k=9789502417073&i=stripbooks
9789502417097,,,,https://www.amazon.com/s?k=9789502417097&i=stripbooks
9789502417110,,,,https://www.amazon.com/s?k=9789502417110&i=stripbooks
9789502417172,,,,https://www.amazon.com/s?k=9789502417172&i=stripbooks
9789502417189,,,,https://www.amazon.com/s?k=9789502417189&i=stripbooks
9789502417219,,,,https://www.amazon.com/s?k=9789502417219&i=stripbooks
9789502417233,,,,https://www.amazon.com/s?k=9789502417233&i=stripbooks
9789502417240,,,,https://www.amazon.com/s?k=9789502417240&i=stripbooks
9789502417271,,,,https://www.amazon.com/s?k=9789502417271&i=stripbooks
9789502417288,,,,https://www.amazon.com/s?k=9789502417288&i=stripbooks
9789502417295,,,,https://www.amazon.com/s?k=9789502417295&i=stripbooks
9789502417301,,,,https://www.amazon.com/s?k=9789502417301&i=stripbooks
9789502417318,,,,https://www.amazon.com/s?k=9789502417318&i=stripbooks
9789502417363,,,,https://www.amazon.com/s?k=9789502417363&i=stripbooks
9789502417455,,,,https://www.amazon.com/s?k=9789502417455&i=stripbooks
9789502417462,,,,https://www.amazon.com/s?k=9789502417462&i=stripbooks
9789502417561,,,,https://www.amazon.com/s?k=9789502417561&i=stripbooks
9789502417578,,,,https://www.amazon.com/s?k=9789502417578&i=stripbooks
9789502417622,,,,https://www.amazon.com/s?k=9789502417622&i=stripbooks
9789502417684,,,,https://www.amazon.com/s?k=9789502417684&i=stripbooks
9789502417691,,,,https://www.amazon.com/s?k=9789502417691&i=stripbooks
9789502417707,,,,https://www.amazon.com/s?k=9789502417707&i=stripbooks
9789502417738,,,,https://www.amazon.com/s?k=9789502417738&i=stripbooks
9789502417745,,,,https://www.amazon.com/s?k=9789502417745&i=stripbooks
9789502417783,,,,https://www.amazon.com/s?k=9789502417783&i=stripbooks
9789502417790,,,,https://www.amazon.com/s?k=9789502417790&i=stripbooks
9789502417844,,,,https://www.amazon.com/s?k=9789502417844&i=stripbooks
9789502417851,,,,https://www.amazon.com/s?k=9789502417851&i=stripbooks
9789502417868,,,,https://www.amazon.com/s?k=9789502417868&i=stripbooks
9789502417875,,,,https://www.amazon.com/s?k=9789502417875&i=stripbooks
9789502417882,,,,https://www.amazon.com/s?k=9789502417882&i=stripbooks
9789502417899,,,,https://www.amazon.com/s?k=9789502417899&i=stripbooks
9789502417912,,,,https://www.amazon.com/s?k=9789502417912&i=stripbooks
9789502417943,,,,https://www.amazon.com/s?k=9789502417943&i=stripbooks
9789502417950,,,,https://www.amazon.com/s?k=9789502417950&i=stripbooks
9789502417981,,,,https://www.amazon.com/s?k=9789502417981&i=stripbooks
9789502418018,,,,https://www.amazon.com/s?k=9789502418018&i=stripbooks
9789502418025,,,,https://www.amazon.com/s?k=9789502418025&i=stripbooks
9789502418049,,,,https://www.amazon.com/s?k=9789502418049&i=stripbooks
9789502815008,,,,https://www.amazon.com/s?k=9789502815008&i=stripbooks
9789502815039,,,,https://www.amazon.com/s?k=9789502815039&i=stripbooks
9789502815183,,,,https://www.amazon.com/s?k=9789502815183&i=stripbooks
9789502815190,,,,https://www.amazon.com/s?k=9789502815190&i=stripbooks
9789502815435,,,,https://www.amazon.com/s?k=9789502815435&i=stripbooks
9789502816340,,,,https://www.amazon.com/s?k=9789502816340&i=stripbooks
9789502817231,,,,https://www.amazon.com/s?k=9789502817231&i=stripbooks
9789502817446,,,,https://www.amazon.com/s?k=9789502817446&i=stripbooks
9789502817781,,,,https://www.amazon.com/s?k=9789502817781&i=stripbooks
9789502817972,,,,https://www.amazon.com/s?k=9789502817972&i=stripbooks
9789502818023,,,,https://www.amazon.com/s?k=9789502818023&i=stripbooks
9789504928706,,,,https://www.amazon.com/s?k=9789504928706&i=stripbooks
9789504929796,,,,https://www.amazon.com/s?k=9789504929796&i=stripbooks
9789504930594,,,,https://www.amazon.com/s?k=9789504930594&i=stripbooks
9789504932611,,,,https://www.amazon.com/s?k=9789504932611&i=stripbooks
9789504935889,,,,https://www.amazon.com/s?k=9789504935889&i=stripbooks
9789504937883,,,,https://www.amazon.com/s?k=9789504937883&i=stripbooks
9789504939320,,,,https://www.amazon.com/s?k=9789504939320&i=stripbooks
9789504944041,,,,https://www.amazon.com/s?k=9789504944041&i=stripbooks
9789504944393,,,,https://www.amazon.com/s?k=9789504944393&i=stripbooks
9789504945673,,,,https://www.amazon.com/s?k=9789504945673&i=stripbooks
9789504948254,,,,https://www.amazon.com/s?k=9789504948254&i=stripbooks
9789504957485,,,,https://www.amazon.com/s?k=9789504957485&i=stripbooks
9789504959038,,,,https://www.amazon.com/s?k=9789504959038&i=stripbooks
9789504960096,,,,https://www.amazon.com/s?k=9789504960096&i=stripbooks
9789504960782,,,,https://www.amazon.com/s?k=9789504960782&i=stripbooks
9789504963882,,,,https://www.amazon.com/s?k=9789504963882&i=stripbooks
9789504963899,,,,https://www.amazon.com/s?k=9789504963899&i=stripbooks
9789504964148,,,,https://www.amazon.com/s?k=9789504964148&i=stripbooks
9789504965008,,,,https://www.amazon.com/s?k=9789504965008&i=stripbooks
9789504965015,,,,https://www.amazon.com/s?k=9789504965015&i=stripbooks
9789504965152,,,,https://www.amazon.com/s?k=9789504965152&i=stripbooks
9789504965411,,,,https://www.amazon.com/s?k=9789504965411&i=stripbooks
9789504965923,,,,https://www.amazon.com/s?k=9789504965923&i=stripbooks
9789504966197,,,,https://www.amazon.com/s?k=9789504966197&i=stripbooks
9789504966593,,,,https://www.amazon.com/s?k=9789504966593&i=stripbooks
9789504966630,,,,https://www.amazon.com/s?k=9789504966630&i=stripbooks
9789504966654,,,,https://www.amazon.com/s?k=9789504966654&i=stripbooks
9789504966708,,,,https://www.amazon.com/s?k=9789504966708&i=stripbooks
9789504966715,,,,https://www.amazon.com/s?k=9789504966715&i=stripbooks
9789504966722,,,,https://www.amazon.com/s?k=9789504966722&i=stripbooks
9789504966739,,,,https://www.amazon.com/s?k=9789504966739&i=stripbooks
9789504967262,,,,https://www.amazon.com/s?k=9789504967262&i=stripbooks
9789504967279,,,,https://www.amazon.com/s?k=9789504967279&i=stripbooks
9789504967323,,,,https://www.amazon.com/s?k=9789504967323&i=stripbooks
9789504967811,,,,https://www.amazon.com/s?k=9789504967811&i=stripbooks
9789504967828,,,,https://www.amazon.com/s?k=9789504967828&i=stripbooks
9789504967835,,,,https://www.amazon.com/s?k=9789504967835&i=stripbooks
9789504968085,,,,https://www.amazon.com/s?k=9789504968085&i=stripbooks
9789504968092,,,,https://www.amazon.com/s?k=9789504968092&i=stripbooks
9789504969129,,,,https://www.amazon.com/s?k=9789504969129&i=stripbooks
9789504969136,,,,https://www.amazon.com/s?k=9789504969136&i=stripbooks
9789504969709,,,,https://www.amazon.com/s?k=9789504969709&i=stripbooks
9789504970538,,,,https://www.amazon.com/s?k=9789504970538&i=stripbooks
9789504971658,,,,https://www.amazon.com/s?k=9789504971658&i=stripbooks
9789504972549,,,,https://www.amazon.com/s?k=9789504972549&i=stripbooks
9789504973065,,,,https://www.amazon.com/s?k=9789504973065&i=stripbooks
9789504973508,,,,https://www.amazon.com/s?k=9789504973508&i=stripbooks
9789504973775,,,,https://www.amazon.com/s?k=9789504973775&i=stripbooks
9789504974055,,,,https://www.amazon.com/s?k=9789504974055&i=stripbooks
9789504974314,,,,https://www.amazon.com/s?k=9789504974314&i=stripbooks
9789504975052,,,,https://www.amazon.com/s?k=9789504975052&i=stripbooks
9789504975250,,,,https://www.amazon.com/s?k=9789504975250&i=stripbooks
9789504976103,,,,https://www.amazon.com/s?k=9789504976103&i=stripbooks
9789504976677,,,,https://www.amazon.com/s?k=9789504976677&i=stripbooks
9789504977643,,,,https://www.amazon.com/s?k=9789504977643&i=stripbooks
9789504978763,,,,https://www.amazon.com/s?k=9789504978763&i=stripbooks
9789504979210,,,,https://www.amazon.com/s?k=9789504979210&i=stripbooks
9789504979227,,,,https://www.amazon.com/s?k=9789504979227&i=stripbooks
9789504979975,,,,https://www.amazon.com/s?k=9789504979975&i=stripbooks
9789504980629,,,,https://www.amazon.com/s?k=9789504980629&i=stripbooks
9789504980889,,,,https://www.amazon.com/s?k=9789504980889&i=stripbooks
9789504981305,,,,https://www.amazon.com/s?k=9789504981305&i=stripbooks
9789504982234,,,,https://www.amazon.com/s?k=9789504982234&i=stripbooks
9789504982951,,,,https://www.amazon.com/s?k=9789504982951&i=stripbooks
9789504983453,,,,https://www.amazon.com/s?k=9789504983453&i=stripbooks
9789504983460,,,,https://www.amazon.com/s?k=9789504983460&i=stripbooks
9789504984115,,,,https://www.amazon.com/s?k=9789504984115&i=stripbooks
9789504984160,,,,https://www.amazon.com/s?k=9789504984160&i=stripbooks
9789504984306,,,,https://www.amazon.com/s?k=9789504984306&i=stripbooks
9789504985358,,,,https://www.amazon.com/s?k=9789504985358&i=stripbooks
9789504985723,,,,https://www.amazon.com/s?k=9789504985723&i=stripbooks
9789504987079,,,,https://www.amazon.com/s?k=9789504987079&i=stripbooks
9789504988496,,,,https://www.amazon.com/s?k=9789504988496&i=stripbooks
9789504989417,,,,https://www.amazon.com/s?k=9789504989417&i=stripbooks
9789504989431,,,,https://www.amazon.com/s?k=9789504989431&i=stripbooks
9789504989547,,,,https://www.amazon.com/s?k=9789504989547&i=stripbooks
9789504990031,,,,https://www.amazon.com/s?k=9789504990031&i=stripbooks
9789504990413,,,,https://www.amazon.com/s?k=9789504990413&i=stripbooks
9789504990666,,,,https://www.amazon.com/s?k=9789504990666&i=stripbooks
9789504990789,,,,https://www.amazon.com/s?k=9789504990789&i=stripbooks
9789504990888,,,,https://www.amazon.com/s?k=9789504990888&i=stripbooks
9789504990956,,,,https://www.amazon.com/s?k=9789504990956&i=stripbooks
9789504991038,,,,https://www.amazon.com/s?k=9789504991038&i=stripbooks
9789504991069,,,,https://www.amazon.com/s?k=9789504991069&i=stripbooks
9789504991083,,,,https://www.amazon.com/s?k=9789504991083&i=stripbooks
9789504991106,,,,https://www.amazon.com/s?k=9789504991106&i=stripbooks
9789504991229,,,,https://www.amazon.com/s?k=9789504991229&i=stripbooks
9789504991397,,,,https://www.amazon.com/s?k=9789504991397&i=stripbooks
9789504991656,,,,https://www.amazon.com/s?k=9789504991656&i=stripbooks
9789504992400,,,,https://www.amazon.com/s?k=9789504992400&i=stripbooks
9789504992677,,,,https://www.amazon.com/s?k=9789504992677&i=stripbooks
9789504993315,,,,https://www.amazon.com/s?k=9789504993315&i=stripbooks
9789505472086,,,,https://www.amazon.com/s?k=9789505472086&i=stripbooks
9789505472376,,,,https://www.amazon.com/s?k=9789505472376&i=stripbooks
9789505473069,,,,https://www.amazon.com/s?k=9789505473069&i=stripbooks
9789505612321,,,,https://www.amazon.com/s?k=9789505612321&i=stripbooks
9789506201500,,,,https://www.amazon.com/s?k=9789506201500&i=stripbooks
9789506201548,,,,https://www.amazon.com/s?k=9789506201548&i=stripbooks
9789506201579,,,,https://www.amazon.com/s?k=9789506201579&i=stripbooks
9789506202606,,,,https://www.amazon.com/s?k=9789506202606&i=stripbooks
9789506203054,,,,https://www.amazon.com/s?k=9789506203054&i=stripbooks
9789506203245,,,,https://www.amazon.com/s?k=9789506203245&i=stripbooks
9789506209391,,,,https://www.amazon.com/s?k=9789506209391&i=stripbooks
9789506443412,,,,https://www.amazon.com/s?k=9789506443412&i=stripbooks
9789506445720,,,,https://www.amazon.com/s?k=9789506445720&i=stripbooks
9789506445997,,,,https://www.amazon.com/s?k=9789506445997&i=stripbooks
9789506446208,,,,https://www.amazon.com/s?k=9789506446208&i=stripbooks
9789506446277,,,,https://www.amazon.com/s?k=9789506446277&i=stripbooks
9789506446314,,,,https://www.amazon.com/s?k=9789506446314&i=stripbooks
9789506446345,,,,https://www.amazon.com/s?k=9789506446345&i=stripbooks
9789506446789,,,,https://www.amazon.com/s?k=9789506446789&i=stripbooks
9789506446888,,,,https://www.amazon.com/s?k=9789506446888&i=stripbooks
9789506447298,,,,https://www.amazon.com/s?k=9789506447298&i=stripbooks
9789506447373,,,,https://www.amazon.com/s?k=9789506447373&i=stripbooks
9789506447601,,,,https://www.amazon.com/s?k=9789506447601&i=stripbooks
9789506447618,,,,https://www.amazon.com/s?k=9789506447618&i=stripbooks
9789506447854,,,,https://www.amazon.com/s?k=9789506447854&i=stripbooks
9789507312588,,,,https://www.amazon.com/s?k=9789507312588&i=stripbooks
9789507313967,,,,https://www.amazon.com/s?k=9789507313967&i=stripbooks
9789507316081,,,,https://www.amazon.com/s?k=9789507316081&i=stripbooks
9789507318122,,,,https://www.amazon.com/s?k=9789507318122&i=stripbooks
9789507319198,,,,https://www.amazon.com/s?k=9789507319198&i=stripbooks
9789507320637,,,,https://www.amazon.com/s?k=9789507320637&i=stripbooks
9789507320644,,,,https://www.amazon.com/s?k=9789507320644&i=stripbooks
9789507320835,,,,https://www.amazon.com/s?k=9789507320835&i=stripbooks
9789507320897,,,,https://www.amazon.com/s?k=9789507320897&i=stripbooks
9789507320903,,,,https://www.amazon.com/s?k=9789507320903&i=stripbooks
9789507320934,,,,https://www.amazon.com/s?k=9789507320934&i=stripbooks
9789507321122,,,,https://www.amazon.com/s?k=9789507321122&i=stripbooks
9789507321139,,,,https://www.amazon.com/s?k=9789507321139&i=stripbooks
9789507321306,,,,https://www.amazon.com/s?k=9789507321306&i=stripbooks
9789507321566,,,,https://www.amazon.com/s?k=9789507321566&i=stripbooks
9789507321818,,,,https://www.amazon.com/s?k=9789507321818&i=stripbooks
9789507321887,,,,https://www.amazon.com/s?k=9789507321887&i=stripbooks
9789507321894,,,,https://www.amazon.com/s?k=9789507321894&i=stripbooks
9789507322716,,,,https://www.amazon.com/s?k=9789507322716&i=stripbooks
9789507322747,,,,https://www.amazon.com/s?k=9789507322747&i=stripbooks
9789507323034,,,,https://www.amazon.com/s?k=9789507323034&i=stripbooks
9789507323041,,,,https://www.amazon.com/s?k=9789507323041&i=stripbooks
9789507323584,,,,https://www.amazon.com/s?k=9789507323584&i=stripbooks
9789507323720,,,,https://www.amazon.com/s?k=9789507323720&i=stripbooks
9789507323737,,,,https://www.amazon.com/s?k=9789507323737&i=stripbooks
9789507325816,,,,https://www.amazon.com/s?k=9789507325816&i=stripbooks
9789507326066,,,,https://www.amazon.com/s?k=9789507326066&i=stripbooks
9789507326301,,,,https://www.amazon.com/s?k=9789507326301&i=stripbooks
9789507326523,,,,https://www.amazon.com/s?k=9789507326523&i=stripbooks
9789507326646,,,,https://www.amazon.com/s?k=9789507326646&i=stripbooks
9789507884108,,,,https://www.amazon.com/s?k=9789507884108&i=stripbooks
9789507884542,,,,https://www.amazon.com/s?k=9789507884542&i=stripbooks
9789507884566,,,,https://www.amazon.com/s?k=9789507884566&i=stripbooks
9789507884573,,,,https://www.amazon.com/s?k=9789507884573&i=stripbooks
9789508523846,,,,https://www.amazon.com/s?k=9789508523846&i=stripbooks
9789508523891,,,,https://www.amazon.com/s?k=9789508523891&i=stripbooks
9789508523907,,,,https://www.amazon.com/s?k=9789508523907&i=stripbooks
9789508851185,,,,https://www.amazon.com/s?k=9789508851185&i=stripbooks
9789509080829,,,,https://www.amazon.com/s?k=9789509080829&i=stripbooks
9789568155483,,,,https://www.amazon.com/s?k=9789568155483&i=stripbooks
9789568155490,,,,https://www.amazon.com/s?k=9789568155490&i=stripbooks
9789568155506,,,,https://www.amazon.com/s?k=9789568155506&i=stripbooks
9789568155513,,,,https://www.amazon.com/s?k=9789568155513&i=stripbooks
9789568155520,,,,https://www.amazon.com/s?k=9789568155520&i=stripbooks
9789568155537,,,,https://www.amazon.com/s?k=9789568155537&i=stripbooks
9789568155681,,,,https://www.amazon.com/s?k=9789568155681&i=stripbooks
9789568155698,,,,https://www.amazon.com/s?k=9789568155698&i=stripbooks
9789568155704,,,,https://www.amazon.com/s?k=9789568155704&i=stripbooks
9789568155711,,,,https://www.amazon.com/s?k=9789568155711&i=stripbooks
9789604439454,,,,https://www.amazon.com/s?k=9789604439454&i=stripbooks
9789604439553,,,,https://www.amazon.com/s?k=9789604439553&i=stripbooks
9789604439652,,,,https://www.amazon.com/s?k=9789604439652&i=stripbooks
9789604784158,,,,https://www.amazon.com/s?k=9789604784158&i=stripbooks
9789604784172,,,,https://www.amazon.com/s?k=9789604784172&i=stripbooks
9789604784196,,,,https://www.amazon.com/s?k=9789604784196&i=stripbooks
9789604788187,,,,https://www.amazon.com/s?k=9789604788187&i=stripbooks
9789604788842,,,,https://www.amazon.com/s?k=9789604788842&i=stripbooks
9789604788859,,,,https://www.amazon.com/s?k=9789604788859&i=stripbooks
9789604788866,,,,https://www.amazon.com/s?k=9789604788866&i=stripbooks
9789604788903,,,,https://www.amazon.com/s?k=9789604788903&i=stripbooks
9789604788927,,,,https://www.amazon.com/s?k=9789604788927&i=stripbooks
9789605090111,,,,https://www.amazon.com/s?k=9789605090111&i=stripbooks
9789605090128,,,,https://www.amazon.com/s?k=9789605090128&i=stripbooks
9789605737122,,,,https://www.amazon.com/s?k=9789605737122&i=stripbooks
9789685270168,,,,https://www.amazon.com/s?k=9789685270168&i=stripbooks
9789697592104,,,,https://www.amazon.com/s?k=9789697592104&i=stripbooks
9789810175900,,,,https://www.amazon.com/s?k=9789810175900&i=stripbooks
9789810730864,,,,https://www.amazon.com/s?k=9789810730864&i=stripbooks
9789814370769,,,,https://www.amazon.com/s?k=9789814370769&i=stripbooks
9789814370912,,,,https://www.amazon.com/s?k=9789814370912&i=stripbooks
9789814370929,,,,https://www.amazon.com/s?k=9789814370929&i=stripbooks
9789814437042,,,,https://www.amazon.com/s?k=9789814437042&i=stripbooks
9789814437059,,,,https://www.amazon.com/s?k=9789814437059&i=stripbooks
9789814437301,,,,https://www.amazon.com/s?k=9789814437301&i=stripbooks
9789814437318,,,,https://www.amazon.com/s?k=9789814437318&i=stripbooks
9789814437325,,,,https://www.amazon.com/s?k=9789814437325&i=stripbooks
9789814437387,,,,https://www.amazon.com/s?k=9789814437387&i=stripbooks
9789814437394,,,,https://www.amazon.com/s?k=9789814437394&i=stripbooks
9789814437400,,,,https://www.amazon.com/s?k=9789814437400&i=stripbooks
9789814437417,,,,https://www.amazon.com/s?k=9789814437417&i=stripbooks
9789814437585,,,,https://www.amazon.com/s?k=9789814437585&i=stripbooks
9789814437592,,,,https://www.amazon.com/s?k=9789814437592&i=stripbooks
9789814437615,,,,https://www.amazon.com/s?k=9789814437615&i=stripbooks
9789814629393,,,,https://www.amazon.com/s?k=9789814629393&i=stripbooks
9789814629409,,,,https://www.amazon.com/s?k=9789814629409&i=stripbooks
9789814629416,,,,https://www.amazon.com/s?k=9789814629416&i=stripbooks
9789814629423,,,,https://www.amazon.com/s?k=9789814629423&i=stripbooks
9789814629430,,,,https://www.amazon.com/s?k=9789814629430&i=stripbooks
9789814629447,,,,https://www.amazon.com/s?k=9789814629447&i=stripbooks
9789814769242,,,,https://www.amazon.com/s?k=9789814769242&i=stripbooks
9789814813259,,,,https://www.amazon.com/s?k=9789814813259&i=stripbooks
9789814813266,,,,https://www.amazon.com/s?k=9789814813266&i=stripbooks
9789814813273,,,,https://www.amazon.com/s?k=9789814813273&i=stripbooks
9789814822008,,,,https://www.amazon.com/s?k=9789814822008&i=stripbooks
9789814822022,,,,https://www.amazon.com/s?k=9789814822022&i=stripbooks
9789870416111,,,,https://www.amazon.com/s?k=9789870416111&i=stripbooks
9789870426264,,,,https://www.amazon.com/s?k=9789870426264&i=stripbooks
9789870427186,,,,https://www.amazon.com/s?k=9789870427186&i=stripbooks
9789870432517,,,,https://www.amazon.com/s?k=9789870432517&i=stripbooks
9789871061563,,,,https://www.amazon.com/s?k=9789871061563&i=stripbooks
9789871195107,,,,https://www.amazon.com/s?k=9789871195107&i=stripbooks
9789871296224,,,,https://www.amazon.com/s?k=9789871296224&i=stripbooks
9789871296859,,,,https://www.amazon.com/s?k=9789871296859&i=stripbooks
9789871296996,,,,https://www.amazon.com/s?k=9789871296996&i=stripbooks
9789871343133,,,,https://www.amazon.com/s?k=9789871343133&i=stripbooks
9789871343379,,,,https://www.amazon.com/s?k=9789871343379&i=stripbooks
9789871343393,,,,https://www.amazon.com/s?k=9789871343393&i=stripbooks
9789871343409,,,,https://www.amazon.com/s?k=9789871343409&i=stripbooks
9789871343584,,,,https://www.amazon.com/s?k=9789871343584&i=stripbooks
9789871343799,,,,https://www.amazon.com/s?k=9789871343799&i=stripbooks
9789871343829,,,,https://www.amazon.com/s?k=9789871343829&i=stripbooks
9789871374212,,,,https://www.amazon.com/s?k=9789871374212&i=stripbooks
9789871374991,,,,https://www.amazon.com/s?k=9789871374991&i=stripbooks
9789871409822,,,,https://www.amazon.com/s?k=9789871409822&i=stripbooks
9789871524341,,,,https://www.amazon.com/s?k=9789871524341&i=stripbooks
9789871524785,,,,https://www.amazon.com/s?k=9789871524785&i=stripbooks
9789871713141,,,,https://www.amazon.com/s?k=9789871713141&i=stripbooks
9789871713264,,,,https://www.amazon.com/s?k=9789871713264&i=stripbooks
9789871713349,,,,https://www.amazon.com/s?k=9789871713349&i=stripbooks
9789871713516,,,,https://www.amazon.com/s?k=9789871713516&i=stripbooks
9789871713530,,,,https://www.amazon.com/s?k=9789871713530&i=stripbooks
9789871713578,,,,https://www.amazon.com/s?k=9789871713578&i=stripbooks
9789871713592,,,,https://www.amazon.com/s?k=9789871713592&i=stripbooks
9789871713783,,,,https://www.amazon.com/s?k=9789871713783&i=stripbooks
9789871713844,,,,https://www.amazon.com/s?k=9789871713844&i=stripbooks
9789871713905,,,,https://www.amazon.com/s?k=9789871713905&i=stripbooks
9789871713912,,,,https://www.amazon.com/s?k=9789871713912&i=stripbooks
9789871713943,,,,https://www.amazon.com/s?k=9789871713943&i=stripbooks
9789871783229,,,,https://www.amazon.com/s?k=9789871783229&i=stripbooks
9789871783694,,,,https://www.amazon.com/s?k=9789871783694&i=stripbooks
9789871786831,,,,https://www.amazon.com/s?k=9789871786831&i=stripbooks
9789871849031,,,,https://www.amazon.com/s?k=9789871849031&i=stripbooks
9789871849048,,,,https://www.amazon.com/s?k=9789871849048&i=stripbooks
9789871849154,,,,https://www.amazon.com/s?k=9789871849154&i=stripbooks
9789871849277,,,,https://www.amazon.com/s?k=9789871849277&i=stripbooks
9789871849284,,,,https://www.amazon.com/s?k=9789871849284&i=stripbooks
9789871849352,,,,https://www.amazon.com/s?k=9789871849352&i=stripbooks
9789871849369,,,,https://www.amazon.com/s?k=9789871849369&i=stripbooks
9789871849468,,,,https://www.amazon.com/s?k=9789871849468&i=stripbooks
9789871849536,,,,https://www.amazon.com/s?k=9789871849536&i=stripbooks
9789871849550,,,,https://www.amazon.com/s?k=9789871849550&i=stripbooks
9789871886197,,,,https://www.amazon.com/s?k=9789871886197&i=stripbooks
9789871941896,,,,https://www.amazon.com/s?k=9789871941896&i=stripbooks
9789871941926,,,,https://www.amazon.com/s?k=9789871941926&i=stripbooks
9789871941933,,,,https://www.amazon.com/s?k=9789871941933&i=stripbooks
9789871941940,,,,https://www.amazon.com/s?k=9789871941940&i=stripbooks
9789871997404,,,,https://www.amazon.com/s?k=9789871997404&i=stripbooks
9789871997558,,,,https://www.amazon.com/s?k=9789871997558&i=stripbooks
9789872875473,,,,https://www.amazon.com/s?k=9789872875473&i=stripbooks
9789873200236,,,,https://www.amazon.com/s?k=9789873200236&i=stripbooks
9789873202599,,,,https://www.amazon.com/s?k=9789873202599&i=stripbooks
9789873202605,,,,https://www.amazon.com/s?k=9789873202605&i=stripbooks
9789873203107,,,,https://www.amazon.com/s?k=9789873203107&i=stripbooks
9789873203145,,,,https://www.amazon.com/s?k=9789873203145&i=stripbooks
9789873203480,,,,https://www.amazon.com/s?k=9789873203480&i=stripbooks
9789873612671,,,,https://www.amazon.com/s?k=9789873612671&i=stripbooks
9789873612695,,,,https://www.amazon.com/s?k=9789873612695&i=stripbooks
9789873688348,,,,https://www.amazon.com/s?k=9789873688348&i=stripbooks
9789873688478,,,,https://www.amazon.com/s?k=9789873688478&i=stripbooks
9789873688560,,,,https://www.amazon.com/s?k=9789873688560&i=stripbooks
9789873804892,,,,https://www.amazon.com/s?k=9789873804892&i=stripbooks
9789873818837,,,,https://www.amazon.com/s?k=9789873818837&i=stripbooks
9789873820717,,,,https://www.amazon.com/s?k=9789873820717&i=stripbooks
9789873820793,,,,https://www.amazon.com/s?k=9789873820793&i=stripbooks
9789873854033,,,,https://www.amazon.com/s?k=9789873854033&i=stripbooks
9789873854057,,,,https://www.amazon.com/s?k=9789873854057&i=stripbooks
9789873854347,,,,https://www.amazon.com/s?k=9789873854347&i=stripbooks
9789873854361,,,,https://www.amazon.com/s?k=9789873854361&i=stripbooks
9789873854378,,,,https://www.amazon.com/s?k=9789873854378&i=stripbooks
9789873854385,,,,https://www.amazon.com/s?k=9789873854385&i=stripbooks
9789873854422,,,,https://www.amazon.com/s?k=9789873854422&i=stripbooks
9789873854453,,,,https://www.amazon.com/s?k=9789873854453&i=stripbooks
9789873854460,,,,https://www.amazon.com/s?k=9789873854460&i=stripbooks
9789873854514,,,,https://www.amazon.com/s?k=9789873854514&i=stripbooks
9789873854729,,,,https://www.amazon.com/s?k=9789873854729&i=stripbooks
9789873854750,,,,https://www.amazon.com/s?k=9789873854750&i=stripbooks
9789873854774,,,,https://www.amazon.com/s?k=9789873854774&i=stripbooks
9789873854873,,,,https://www.amazon.com/s?k=9789873854873&i=stripbooks
9789873854910,,,,https://www.amazon.com/s?k=9789873854910&i=stripbooks
9789873854958,,,,https://www.amazon.com/s?k=9789873854958&i=stripbooks
9789873881848,,,,https://www.amazon.com/s?k=9789873881848&i=stripbooks
9789873951183,,,,https://www.amazon.com/s?k=9789873951183&i=stripbooks
9789873952166,,,,https://www.amazon.com/s?k=9789873952166&i=stripbooks
9789873952791,,,,https://www.amazon.com/s?k=9789873952791&i=stripbooks
9789873952876,,,,https://www.amazon.com/s?k=9789873952876&i=stripbooks
9789873955037,,,,https://www.amazon.com/s?k=9789873955037&i=stripbooks
9789873987564,,,,https://www.amazon.com/s?k=9789873987564&i=stripbooks
9789873987700,,,,https://www.amazon.com/s?k=9789873987700&i=stripbooks
9789873993626,,,,https://www.amazon.com/s?k=9789873993626&i=stripbooks
9789873993633,,,,https://www.amazon.com/s?k=9789873993633&i=stripbooks
9789873993640,,,,https://www.amazon.com/s?k=9789873993640&i=stripbooks
9789873993657,,,,https://www.amazon.com/s?k=9789873993657&i=stripbooks
9789873993817,,,,https://www.amazon.com/s?k=9789873993817&i=stripbooks
9789873994012,,,,https://www.amazon.com/s?k=9789873994012&i=stripbooks
9789873994159,,,,https://www.amazon.com/s?k=9789873994159&i=stripbooks
9789873994180,,,,https://www.amazon.com/s?k=9789873994180&i=stripbooks
9789873994210,,,,https://www.amazon.com/s?k=9789873994210&i=stripbooks
9789874108029,,,,https://www.amazon.com/s?k=9789874108029&i=stripbooks
9789874108036,,,,https://www.amazon.com/s?k=9789874108036&i=stripbooks
9789874108043,,,,https://www.amazon.com/s?k=9789874108043&i=stripbooks
9789874108142,,,,https://www.amazon.com/s?k=9789874108142&i=stripbooks
9789874240750,,,,https://www.amazon.com/s?k=9789874240750&i=stripbooks
9789874479662,,,,https://www.amazon.com/s?k=9789874479662&i=stripbooks
9789874479754,,,,https://www.amazon.com/s?k=9789874479754&i=stripbooks
9789874779403,,,,https://www.amazon.com/s?k=9789874779403&i=stripbooks
9789874779465,,,,https://www.amazon.com/s?k=9789874779465&i=stripbooks
9789874779489,,,,https://www.amazon.com/s?k=9789874779489&i=stripbooks
9789874779496,,,,https://www.amazon.com/s?k=9789874779496&i=stripbooks
9789874796516,,,,https://www.amazon.com/s?k=9789874796516&i=stripbooks
9789874796523,,,,https://www.amazon.com/s?k=9789874796523&i=stripbooks
9789874796547,,,,https://www.amazon.com/s?k=9789874796547&i=stripbooks
9789874796561,,,,https://www.amazon.com/s?k=9789874796561&i=stripbooks
9789874830708,,,,https://www.amazon.com/s?k=9789874830708&i=stripbooks
9789874830715,,,,https://www.amazon.com/s?k=9789874830715&i=stripbooks
9789874830722,,,,https://www.amazon.com/s?k=9789874830722&i=stripbooks
9789874830760,,,,https://www.amazon.com/s?k=9789874830760&i=stripbooks
9789874830777,,,,https://www.amazon.com/s?k=9789874830777&i=stripbooks
9789874830784,,,,https://www.amazon.com/s?k=9789874830784&i=stripbooks
9789874832269,,,,https://www.amazon.com/s?k=9789874832269&i=stripbooks
9789874832290,,,,https://www.amazon.com/s?k=9789874832290&i=stripbooks
9789874856371,,,,https://www.amazon.com/s?k=9789874856371&i=stripbooks
9789874880406,,,,https://www.amazon.com/s?k=9789874880406&i=stripbooks
9789874880420,,,,https://www.amazon.com/s?k=9789874880420&i=stripbooks
9789874880444,,,,https://www.amazon.com/s?k=9789874880444&i=stripbooks
9789874880451,,,,https://www.amazon.com/s?k=9789874880451&i=stripbooks
9789874880468,,,,https://www.amazon.com/s?k=9789874880468&i=stripbooks
9789874880475,,,,https://www.amazon.com/s?k=9789874880475&i=stripbooks
9789874892560,,,,https://www.amazon.com/s?k=9789874892560&i=stripbooks
9789874924278,,,,https://www.amazon.com/s?k=9789874924278&i=stripbooks
9789874979421,,,,https://www.amazon.com/s?k=9789874979421&i=stripbooks
9789874979438,,,,https://www.amazon.com/s?k=9789874979438&i=stripbooks
9789875668119,,,,https://www.amazon.com/s?k=9789875668119&i=stripbooks
9789875795181,,,,https://www.amazon.com/s?k=9789875795181&i=stripbooks
9789875795198,,,,https://www.amazon.com/s?k=9789875795198&i=stripbooks
9789875796461,,,,https://www.amazon.com/s?k=9789875796461&i=stripbooks
9789875796478,,,,https://www.amazon.com/s?k=9789875796478&i=stripbooks
9789875798199,,,,https://www.amazon.com/s?k=9789875798199&i=stripbooks
9789875799509,,,,https://www.amazon.com/s?k=9789875799509&i=stripbooks
9789875801837,,,,https://www.amazon.com/s?k=9789875801837&i=stripbooks
9789875802834,,,,https://www.amazon.com/s?k=9789875802834&i=stripbooks
9789875804883,,,,https://www.amazon.com/s?k=9789875804883&i=stripbooks
9789875805521,,,,https://www.amazon.com/s?k=9789875805521&i=stripbooks
9789875807143,,,,https://www.amazon.com/s?k=9789875807143&i=stripbooks
9789875808386,,,,https://www.amazon.com/s?k=9789875808386&i=stripbooks
9789875808621,,,,https://www.amazon.com/s?k=9789875808621&i=stripbooks
9789875808683,,,,https://www.amazon.com/s?k=9789875808683&i=stripbooks
9789875808690,,,,https://www.amazon.com/s?k=9789875808690&i=stripbooks
9789875808850,,,,https://www.amazon.com/s?k=9789875808850&i=stripbooks
9789875808867,,,,https://www.amazon.com/s?k=9789875808867&i=stripbooks
9789875808874,,,,https://www.amazon.com/s?k=9789875808874&i=stripbooks
9789875808881,,,,https://www.amazon.com/s?k=9789875808881&i=stripbooks
9789875809055,,,,https://www.amazon.com/s?k=9789875809055&i=stripbooks
9789875809154,,,,https://www.amazon.com/s?k=9789875809154&i=stripbooks
9789875809888,,,,https://www.amazon.com/s?k=9789875809888&i=stripbooks
9789876096683,,,,https://www.amazon.com/s?k=9789876096683&i=stripbooks
9789876280198,,,,https://www.amazon.com/s?k=9789876280198&i=stripbooks
9789876340076,,,,https://www.amazon.com/s?k=9789876340076&i=stripbooks
9789876349711,,,,https://www.amazon.com/s?k=9789876349711&i=stripbooks
9789876670661,,,,https://www.amazon.com/s?k=9789876670661&i=stripbooks
9789876671026,,,,https://www.amazon.com/s?k=9789876671026&i=stripbooks
9789876671644,,,,https://www.amazon.com/s?k=9789876671644&i=stripbooks
9789876672672,,,,https://www.amazon.com/s?k=9789876672672&i=stripbooks
9789876672924,,,,https://www.amazon.com/s?k=9789876672924&i=stripbooks
9789876673310,,,,https://www.amazon.com/s?k=9789876673310&i=stripbooks
9789876673358,,,,https://www.amazon.com/s?k=9789876673358&i=stripbooks
9789876673389,,,,https://www.amazon.com/s?k=9789876673389&i=stripbooks
9789876673402,,,,https://www.amazon.com/s?k=9789876673402&i=stripbooks
9789876673471,,,,https://www.amazon.com/s?k=9789876673471&i=stripbooks
9789876673518,,,,https://www.amazon.com/s?k=9789876673518&i=stripbooks
9789876673525,,,,https://www.amazon.com/s?k=9789876673525&i=stripbooks
9789876673792,,,,https://www.amazon.com/s?k=9789876673792&i=stripbooks
9789876673884,,,,https://www.amazon.com/s?k=9789876673884&i=stripbooks
9789876673891,,,,https://www.amazon.com/s?k=9789876673891&i=stripbooks
9789876674379,,,,https://www.amazon.com/s?k=9789876674379&i=stripbooks
9789876674386,,,,https://www.amazon.com/s?k=9789876674386&i=stripbooks
9789876674478,,,,https://www.amazon.com/s?k=9789876674478&i=stripbooks
9789876674485,,,,https://www.amazon.com/s?k=9789876674485&i=stripbooks
9789876700245,,,,https://www.amazon.com/s?k=9789876700245&i=stripbooks
9789876700856,,,,https://www.amazon.com/s?k=9789876700856&i=stripbooks
9789876700931,,,,https://www.amazon.com/s?k=9789876700931&i=stripbooks
9789876703192,,,,https://www.amazon.com/s?k=9789876703192&i=stripbooks
9789876703789,,,,https://www.amazon.com/s?k=9789876703789&i=stripbooks
9789876704847,,,,https://www.amazon.com/s?k=9789876704847&i=stripbooks
9789876705585,,,,https://www.amazon.com/s?k=9789876705585&i=stripbooks
9789876706087,,,,https://www.amazon.com/s?k=9789876706087&i=stripbooks
9789876706100,,,,https://www.amazon.com/s?k=9789876706100&i=stripbooks
9789876706148,,,,https://www.amazon.com/s?k=9789876706148&i=stripbooks
9789876706254,,,,https://www.amazon.com/s?k=9789876706254&i=stripbooks
9789877056266,,,,https://www.amazon.com/s?k=9789877056266&i=stripbooks
9789877181593,,,,https://www.amazon.com/s?k=9789877181593&i=stripbooks
9789877184051,,,,https://www.amazon.com/s?k=9789877184051&i=stripbooks
9789877185249,,,,https://www.amazon.com/s?k=9789877185249&i=stripbooks
9789877185423,,,,https://www.amazon.com/s?k=9789877185423&i=stripbooks
9789877185614,,,,https://www.amazon.com/s?k=9789877185614&i=stripbooks
9789877186178,,,,https://www.amazon.com/s?k=9789877186178&i=stripbooks
9789877186185,,,,https://www.amazon.com/s?k=9789877186185&i=stripbooks
9789877186192,,,,https://www.amazon.com/s?k=9789877186192&i=stripbooks
9789877186499,,,,https://www.amazon.com/s?k=9789877186499&i=stripbooks
9789877186666,,,,https://www.amazon.com/s?k=9789877186666&i=stripbooks
9789877186710,,,,https://www.amazon.com/s?k=9789877186710&i=stripbooks
9789877186727,,,,https://www.amazon.com/s?k=9789877186727&i=stripbooks
9789877186970,,,,https://www.amazon.com/s?k=9789877186970&i=stripbooks
9789877187021,,,,https://www.amazon.com/s?k=9789877187021&i=stripbooks
9789877187038,,,,https://www.amazon.com/s?k=9789877187038&i=stripbooks
9789877187052,,,,https://www.amazon.com/s?k=9789877187052&i=stripbooks
9789877187083,,,,https://www.amazon.com/s?k=9789877187083&i=stripbooks
9789877187106,,,,https://www.amazon.com/s?k=9789877187106&i=stripbooks
9789877187144,,,,https://www.amazon.com/s?k=9789877187144&i=stripbooks
9789877187151,,,,https://www.amazon.com/s?k=9789877187151&i=stripbooks
9789877187182,,,,https://www.amazon.com/s?k=9789877187182&i=stripbooks
9789877187199,,,,https://www.amazon.com/s?k=9789877187199&i=stripbooks
9789877187205,,,,https://www.amazon.com/s?k=9789877187205&i=stripbooks
9789877187229,,,,https://www.amazon.com/s?k=9789877187229&i=stripbooks
9789877187236,,,,https://www.amazon.com/s?k=9789877187236&i=stripbooks
9789877187328,,,,https://www.amazon.com/s?k=9789877187328&i=stripbooks
9789877187335,,,,https://www.amazon.com/s?k=9789877187335&i=stripbooks
9789877187366,,,,https://www.amazon.com/s?k=9789877187366&i=stripbooks
9789877187373,,,,https://www.amazon.com/s?k=9789877187373&i=stripbooks
9789877188035,,,,https://www.amazon.com/s?k=9789877188035&i=stripbooks
9789877188172,,,,https://www.amazon.com/s?k=9789877188172&i=stripbooks
9789877188448,,,,https://www.amazon.com/s?k=9789877188448&i=stripbooks
9789877188455,,,,https://www.amazon.com/s?k=9789877188455&i=stripbooks
9789877188530,,,,https://www.amazon.com/s?k=9789877188530&i=stripbooks
9789877188769,,,,https://www.amazon.com/s?k=9789877188769&i=stripbooks
9789877188790,,,,https://www.amazon.com/s?k=9789877188790&i=stripbooks
9789877188806,,,,https://www.amazon.com/s?k=9789877188806&i=stripbooks
9789877188820,,,,https://www.amazon.com/s?k=9789877188820&i=stripbooks
9789877188882,,,,https://www.amazon.com/s?k=9789877188882&i=stripbooks
9789877188905,,,,https://www.amazon.com/s?k=9789877188905&i=stripbooks
9789877250268,,,,https://www.amazon.com/s?k=9789877250268&i=stripbooks
9789877254778,,,,https://www.amazon.com/s?k=9789877254778&i=stripbooks
9789877254792,,,,https://www.amazon.com/s?k=9789877254792&i=stripbooks
9789877254860,,,,https://www.amazon.com/s?k=9789877254860&i=stripbooks
9789877254990,,,,https://www.amazon.com/s?k=9789877254990&i=stripbooks
9789877255027,,,,https://www.amazon.com/s?k=9789877255027&i=stripbooks
9789877255751,,,,https://www.amazon.com/s?k=9789877255751&i=stripbooks
9789877255775,,,,https://www.amazon.com/s?k=9789877255775&i=stripbooks
9789877256581,,,,https://www.amazon.com/s?k=9789877256581&i=stripbooks
9789877256857,,,,https://www.amazon.com/s?k=9789877256857&i=stripbooks
9789877256871,,,,https://www.amazon.com/s?k=9789877256871&i=stripbooks
9789877256901,,,,https://www.amazon.com/s?k=9789877256901&i=stripbooks
9789877256925,,,,https://www.amazon.com/s?k=9789877256925&i=stripbooks
9789877257335,,,,https://www.amazon.com/s?k=9789877257335&i=stripbooks
9789877257342,,,,https://www.amazon.com/s?k=9789877257342&i=stripbooks
9789877257489,,,,https://www.amazon.com/s?k=9789877257489&i=stripbooks
9789877257519,,,,https://www.amazon.com/s?k=9789877257519&i=stripbooks
9789877257618,,,,https://www.amazon.com/s?k=9789877257618&i=stripbooks
9789877257670,,,,https://www.amazon.com/s?k=9789877257670&i=stripbooks
9789877353341,,,,https://www.amazon.com/s?k=9789877353341&i=stripbooks
9789877353389,,,,https://www.amazon.com/s?k=9789877353389&i=stripbooks
9789877353686,,,,https://www.amazon.com/s?k=9789877353686&i=stripbooks
9789877353716,,,,https://www.amazon.com/s?k=9789877353716&i=stripbooks
9789877353723,,,,https://www.amazon.com/s?k=9789877353723&i=stripbooks
9789877353747,,,,https://www.amazon.com/s?k=9789877353747&i=stripbooks
9789877364620,,,,https://www.amazon.com/s?k=9789877364620&i=stripbooks
9789877364682,,,,https://www.amazon.com/s?k=9789877364682&i=stripbooks
9789877364934,,,,https://www.amazon.com/s?k=9789877364934&i=stripbooks
9789877365009,,,,https://www.amazon.com/s?k=9789877365009&i=stripbooks
9789877365269,,,,https://www.amazon.com/s?k=9789877365269&i=stripbooks
9789877365290,,,,https://www.amazon.com/s?k=9789877365290&i=stripbooks
9789877365306,,,,https://www.amazon.com/s?k=9789877365306&i=stripbooks
9789877365320,,,,https://www.amazon.com/s?k=9789877365320&i=stripbooks
9789877370973,,,,https://www.amazon.com/s?k=9789877370973&i=stripbooks
9789877371093,,,,https://www.amazon.com/s?k=9789877371093&i=stripbooks
9789877371147,,,,https://www.amazon.com/s?k=9789877371147&i=stripbooks
9789877371178,,,,https://www.amazon.com/s?k=9789877371178&i=stripbooks
9789877371338,,,,https://www.amazon.com/s?k=9789877371338&i=stripbooks
9789877371437,,,,https://www.amazon.com/s?k=9789877371437&i=stripbooks
9789877371499,,,,https://www.amazon.com/s?k=9789877371499&i=stripbooks
9789877380026,,,,https://www.amazon.com/s?k=9789877380026&i=stripbooks
9789877380033,,,,https://www.amazon.com/s?k=9789877380033&i=stripbooks
9789877382273,,,,https://www.amazon.com/s?k=9789877382273&i=stripbooks
9789877383430,,,,https://www.amazon.com/s?k=9789877383430&i=stripbooks
9789877383614,,,,https://www.amazon.com/s?k=9789877383614&i=stripbooks
9789877383645,,,,https://www.amazon.com/s?k=9789877383645&i=stripbooks
9789877383652,,,,https://www.amazon.com/s?k=9789877383652&i=stripbooks
9789877383683,,,,https://www.amazon.com/s?k=9789877383683&i=stripbooks
9789877383898,,,,https://www.amazon.com/s?k=9789877383898&i=stripbooks
9789877384123,,,,https://www.amazon.com/s?k=9789877384123&i=stripbooks
9789877384482,,,,https://www.amazon.com/s?k=9789877384482&i=stripbooks
9789877384512,,,,https://www.amazon.com/s?k=9789877384512&i=stripbooks
9789877385298,,,,https://www.amazon.com/s?k=9789877385298&i=stripbooks
9789877385410,,,,https://www.amazon.com/s?k=9789877385410&i=stripbooks
9789877385526,,,,https://www.amazon.com/s?k=9789877385526&i=stripbooks
9789877385724,,,,https://www.amazon.com/s?k=9789877385724&i=stripbooks
9789877385816,,,,https://www.amazon.com/s?k=9789877385816&i=stripbooks
9789877386004,,,,https://www.amazon.com/s?k=9789877386004&i=stripbooks
9789877386745,,,,https://www.amazon.com/s?k=9789877386745&i=stripbooks
9789877386851,,,,https://www.amazon.com/s?k=9789877386851&i=stripbooks
9789877387377,,,,https://www.amazon.com/s?k=9789877387377&i=stripbooks
9789877387384,,,,https://www.amazon.com/s?k=9789877387384&i=stripbooks
9789877387704,,,,https://www.amazon.com/s?k=9789877387704&i=stripbooks
9789877387926,,,,https://www.amazon.com/s?k=9789877387926&i=stripbooks
9789877387964,,,,https://www.amazon.com/s?k=9789877387964&i=stripbooks
9789877388114,,,,https://www.amazon.com/s?k=9789877388114&i=stripbooks
9789877388183,,,,https://www.amazon.com/s?k=9789877388183&i=stripbooks
9789877388329,,,,https://www.amazon.com/s?k=9789877388329&i=stripbooks
9789877388558,,,,https://www.amazon.com/s?k=9789877388558&i=stripbooks
9789877389388,,,,https://www.amazon.com/s?k=9789877389388&i=stripbooks
9789877392272,,,,https://www.amazon.com/s?k=9789877392272&i=stripbooks
9789877392579,,,,https://www.amazon.com/s?k=9789877392579&i=stripbooks
9789877392593,,,,https://www.amazon.com/s?k=9789877392593&i=stripbooks
9789877392616,,,,https://www.amazon.com/s?k=9789877392616&i=stripbooks
9789877474190,,,,https://www.amazon.com/s?k=9789877474190&i=stripbooks
9789877479690,,,,https://www.amazon.com/s?k=9789877479690&i=stripbooks
9789877479898,,,,https://www.amazon.com/s?k=9789877479898&i=stripbooks
9789877510447,,,,https://www.amazon.com/s?k=9789877510447&i=stripbooks
9789877514001,,,,https://www.amazon.com/s?k=9789877514001&i=stripbooks
9789877515343,,,,https://www.amazon.com/s?k=9789877515343&i=stripbooks
9789877515466,,,,https://www.amazon.com/s?k=9789877515466&i=stripbooks
9789877515473,,,,https://www.amazon.com/s?k=9789877515473&i=stripbooks
9789877515480,,,,https://www.amazon.com/s?k=9789877515480&i=stripbooks
9789877518511,,,,https://www.amazon.com/s?k=9789877518511&i=stripbooks
9789877519242,,,,https://www.amazon.com/s?k=9789877519242&i=stripbooks
9789877690927,,,,https://www.amazon.com/s?k=9789877690927&i=stripbooks
9789877691481,,,,https://www.amazon.com/s?k=9789877691481&i=stripbooks
9789877694123,,,,https://www.amazon.com/s?k=9789877694123&i=stripbooks
9789877694130,,,,https://www.amazon.com/s?k=9789877694130&i=stripbooks
9789877694208,,,,https://www.amazon.com/s?k=9789877694208&i=stripbooks
9789877800708,,,,https://www.amazon.com/s?k=9789877800708&i=stripbooks
9789877804836,,,,https://www.amazon.com/s?k=9789877804836&i=stripbooks
9789877804843,,,,https://www.amazon.com/s?k=9789877804843&i=stripbooks
9789877805123,,,,https://www.amazon.com/s?k=9789877805123&i=stripbooks
9789877805413,,,,https://www.amazon.com/s?k=9789877805413&i=stripbooks
9789877910025,,,,https://www.amazon.com/s?k=9789877910025&i=stripbooks
9789877910049,,,,https://www.amazon.com/s?k=9789877910049&i=stripbooks
9789877910179,,,,https://www.amazon.com/s?k=9789877910179&i=stripbooks
9789877910506,,,,https://www.amazon.com/s?k=9789877910506&i=stripbooks
9789877910780,,,,https://www.amazon.com/s?k=9789877910780&i=stripbooks
9789877910896,,,,https://www.amazon.com/s?k=9789877910896&i=stripbooks
9789877910902,,,,https://www.amazon.com/s?k=9789877910902&i=stripbooks
9789877950601,,,,https://www.amazon.com/s?k=9789877950601&i=stripbooks
9789877950670,,,,https://www.amazon.com/s?k=9789877950670&i=stripbooks
9789877950687,,,,https://www.amazon.com/s?k=9789877950687&i=stripbooks
9789877950724,,,,https://www.amazon.com/s?k=9789877950724&i=stripbooks
9789877950755,,,,https://www.amazon.com/s?k=9789877950755&i=stripbooks
9789877950793,,,,https://www.amazon.com/s?k=9789877950793&i=stripbooks
9789877950878,,,,https://www.amazon.com/s?k=9789877950878&i=stripbooks
9789877950939,,,,https://www.amazon.com/s?k=9789877950939&i=stripbooks
9789877950946,,,,https://www.amazon.com/s?k=9789877950946&i=stripbooks
9789877950960,,,,https://www.amazon.com/s?k=9789877950960&i=stripbooks
9789877951004,,,,https://www.amazon.com/s?k=9789877951004&i=stripbooks
9789877951011,,,,https://www.amazon.com/s?k=9789877951011&i=stripbooks
9789877970487,,,,https://www.amazon.com/s?k=9789877970487&i=stripbooks
9789877971231,,,,https://www.amazon.com/s?k=9789877971231&i=stripbooks
9789877972665,,,,https://www.amazon.com/s?k=9789877972665&i=stripbooks
9789877972962,,,,https://www.amazon.com/s?k=9789877972962&i=stripbooks
9789877972979,,,,https://www.amazon.com/s?k=9789877972979&i=stripbooks
9789877972986,,,,https://www.amazon.com/s?k=9789877972986&i=stripbooks
9789877973785,,,,https://www.amazon.com/s?k=9789877973785&i=stripbooks
9789877974010,,,,https://www.amazon.com/s?k=9789877974010&i=stripbooks
9789877974560,,,,https://www.amazon.com/s?k=9789877974560&i=stripbooks
9789877974577,,,,https://www.amazon.com/s?k=9789877974577&i=stripbooks
9789877975635,,,,https://www.amazon.com/s?k=9789877975635&i=stripbooks
9789877976236,,,,https://www.amazon.com/s?k=9789877976236&i=stripbooks
9789877976359,,,,https://www.amazon.com/s?k=9789877976359&i=stripbooks
9789877976410,,,,https://www.amazon.com/s?k=9789877976410&i=stripbooks
9789877977400,,,,https://www.amazon.com/s?k=9789877977400&i=stripbooks
9789877977448,,,,https://www.amazon.com/s?k=9789877977448&i=stripbooks
9789877977479,,,,https://www.amazon.com/s?k=9789877977479&i=stripbooks
9789877977486,,,,https://www.amazon.com/s?k=9789877977486&i=stripbooks
9789877977493,,,,https://www.amazon.com/s?k=9789877977493&i=stripbooks
9789877977837,,,,https://www.amazon.com/s?k=9789877977837&i=stripbooks
9789877977851,,,,https://www.amazon.com/s?k=9789877977851&i=stripbooks
9789877977936,,,,https://www.amazon.com/s?k=9789877977936&i=stripbooks
9789877978094,,,,https://www.amazon.com/s?k=9789877978094&i=stripbooks
9789877978285,,,,https://www.amazon.com/s?k=9789877978285&i=stripbooks
9789877978322,,,,https://www.amazon.com/s?k=9789877978322&i=stripbooks
9789877978483,,,,https://www.amazon.com/s?k=9789877978483&i=stripbooks
9789877978551,,,,https://www.amazon.com/s?k=9789877978551&i=stripbooks
9789877978568,,,,https://www.amazon.com/s?k=9789877978568&i=stripbooks
9789877978674,,,,https://www.amazon.com/s?k=9789877978674&i=stripbooks
9789877978698,,,,https://www.amazon.com/s?k=9789877978698&i=stripbooks
9789877978728,,,,https://www.amazon.com/s?k=9789877978728&i=stripbooks
9789877978773,,,,https://www.amazon.com/s?k=9789877978773&i=stripbooks
9789877978827,,,,https://www.amazon.com/s?k=9789877978827&i=stripbooks
9789877978834,,,,https://www.amazon.com/s?k=9789877978834&i=stripbooks
9789877978865,,,,https://www.amazon.com/s?k=9789877978865&i=stripbooks
9789877978964,,,,https://www.amazon.com/s?k=9789877978964&i=stripbooks
9789877979077,,,,https://www.amazon.com/s?k=9789877979077&i=stripbooks
9789878000039,,,,https://www.amazon.com/s?k=9789878000039&i=stripbooks
9789878000060,,,,https://www.amazon.com/s?k=9789878000060&i=stripbooks
9789878000725,,,,https://www.amazon.com/s?k=9789878000725&i=stripbooks
9789878000923,,,,https://www.amazon.com/s?k=9789878000923&i=stripbooks
9789878001012,,,,https://www.amazon.com/s?k=9789878001012&i=stripbooks
9789878001142,,,,https://www.amazon.com/s?k=9789878001142&i=stripbooks
9789878001289,,,,https://www.amazon.com/s?k=9789878001289&i=stripbooks
9789878001517,,,,https://www.amazon.com/s?k=9789878001517&i=stripbooks
9789878001951,,,,https://www.amazon.com/s?k=9789878001951&i=stripbooks
9789878001975,,,,https://www.amazon.com/s?k=9789878001975&i=stripbooks
9789878002125,,,,https://www.amazon.com/s?k=9789878002125&i=stripbooks
9789878002262,,,,https://www.amazon.com/s?k=9789878002262&i=stripbooks
9789878002286,,,,https://www.amazon.com/s?k=9789878002286&i=stripbooks
9789878002422,,,,https://www.amazon.com/s?k=9789878002422&i=stripbooks
9789878002460,,,,https://www.amazon.com/s?k=9789878002460&i=stripbooks
9789878120379,,,,https://www.amazon.com/s?k=9789878120379&i=stripbooks
9789878120737,,,,https://www.amazon.com/s?k=9789878120737&i=stripbooks
9789878121284,,,,https://www.amazon.com/s?k=9789878121284&i=stripbooks
9789878200316,,,,https://www.amazon.com/s?k=9789878200316&i=stripbooks
9789878200385,,,,https://www.amazon.com/s?k=9789878200385&i=stripbooks
9789878200392,,,,https://www.amazon.com/s?k=9789878200392&i=stripbooks
9789878200491,,,,https://www.amazon.com/s?k=9789878200491&i=stripbooks
9789878200804,,,,https://www.amazon.com/s?k=9789878200804&i=stripbooks
9789878200828,,,,https://www.amazon.com/s?k=9789878200828&i=stripbooks
9789878200835,,,,https://www.amazon.com/s?k=9789878200835&i=stripbooks
9789878201030,,,,https://www.amazon.com/s?k=9789878201030&i=stripbooks
9789878201146,,,,https://www.amazon.com/s?k=9789878201146&i=stripbooks
9789878201238,,,,https://www.amazon.com/s?k=9789878201238&i=stripbooks
9789878201450,,,,https://www.amazon.com/s?k=9789878201450&i=stripbooks
9789878201511,,,,https://www.amazon.com/s?k=9789878201511&i=stripbooks
9789878201580,,,,https://www.amazon.com/s?k=9789878201580&i=stripbooks
9789878202532,,,,https://www.amazon.com/s?k=9789878202532&i=stripbooks
9789878202549,,,,https://www.amazon.com/s?k=9789878202549&i=stripbooks
9789878203591,,,,https://www.amazon.com/s?k=9789878203591&i=stripbooks
9789878203614,,,,https://www.amazon.com/s?k=9789878203614&i=stripbooks
9789878203621,,,,https://www.amazon.com/s?k=9789878203621&i=stripbooks
9789878203713,,,,https://www.amazon.com/s?k=9789878203713&i=stripbooks
9789878203928,,,,https://www.amazon.com/s?k=9789878203928&i=stripbooks
9789878203935,,,,https://www.amazon.com/s?k=9789878203935&i=stripbooks
9789878203942,,,,https://www.amazon.com/s?k=9789878203942&i=stripbooks
9789878204000,,,,https://www.amazon.com/s?k=9789878204000&i=stripbooks
9789878204116,,,,https://www.amazon.com/s?k=9789878204116&i=stripbooks
9789878204161,,,,https://www.amazon.com/s?k=9789878204161&i=stripbooks
9789878204185,,,,https://www.amazon.com/s?k=9789878204185&i=stripbooks
9789878204192,,,,https://www.amazon.com/s?k=9789878204192&i=stripbooks
9789878204222,,,,https://www.amazon.com/s?k=9789878204222&i=stripbooks
9789878204253,,,,https://www.amazon.com/s?k=9789878204253&i=stripbooks
9789878204260,,,,https://www.amazon.com/s?k=9789878204260&i=stripbooks
9789878204376,,,,https://www.amazon.com/s?k=9789878204376&i=stripbooks
9789878204468,,,,https://www.amazon.com/s?k=9789878204468&i=stripbooks
9789878204666,,,,https://www.amazon.com/s?k=9789878204666&i=stripbooks
9789878204680,,,,https://www.amazon.com/s?k=9789878204680&i=stripbooks
9789878204840,,,,https://www.amazon.com/s?k=9789878204840&i=stripbooks
9789878204864,,,,https://www.amazon.com/s?k=9789878204864&i=stripbooks
9789878204888,,,,https://www.amazon.com/s?k=9789878204888&i=stripbooks
9789878204895,,,,https://www.amazon.com/s?k=9789878204895&i=stripbooks
9789878204901,,,,https://www.amazon.com/s?k=9789878204901&i=stripbooks
9789878204963,,,,https://www.amazon.com/s?k=9789878204963&i=stripbooks
9789878204994,,,,https://www.amazon.com/s?k=9789878204994&i=stripbooks
9789878205540,,,,https://www.amazon.com/s?k=9789878205540&i=stripbooks
9789878205564,,,,https://www.amazon.com/s?k=9789878205564&i=stripbooks
9789878206202,,,,https://www.amazon.com/s?k=9789878206202&i=stripbooks
9789878206219,,,,https://www.amazon.com/s?k=9789878206219&i=stripbooks
9789878206226,,,,https://www.amazon.com/s?k=9789878206226&i=stripbooks
9789878206417,,,,https://www.amazon.com/s?k=9789878206417&i=stripbooks
9789878206424,,,,https://www.amazon.com/s?k=9789878206424&i=stripbooks
9789878206738,,,,https://www.amazon.com/s?k=9789878206738&i=stripbooks
9789878206806,,,,https://www.amazon.com/s?k=9789878206806&i=stripbooks
9789878206813,,,,https://www.amazon.com/s?k=9789878206813&i=stripbooks
9789878206950,,,,https://www.amazon.com/s?k=9789878206950&i=stripbooks
9789878207216,,,,https://www.amazon.com/s?k=9789878207216&i=stripbooks
9789878207810,,,,https://www.amazon.com/s?k=9789878207810&i=stripbooks
9789878208237,,,,https://www.amazon.com/s?k=9789878208237&i=stripbooks
9789878208404,,,,https://www.amazon.com/s?k=9789878208404&i=stripbooks
9789878208855,,,,https://www.amazon.com/s?k=9789878208855&i=stripbooks
9789878208862,,,,https://www.amazon.com/s?k=9789878208862&i=stripbooks
9789878208961,,,,https://www.amazon.com/s?k=9789878208961&i=stripbooks
9789878208978,,,,https://www.amazon.com/s?k=9789878208978&i=stripbooks
9789878208985,,,,https://www.amazon.com/s?k=9789878208985&i=stripbooks
9789878208992,,,,https://www.amazon.com/s?k=9789878208992&i=stripbooks
9789878209029,,,,https://www.amazon.com/s?k=9789878209029&i=stripbooks
9789878209395,,,,https://www.amazon.com/s?k=9789878209395&i=stripbooks
9789878209890,,,,https://www.amazon.com/s?k=9789878209890&i=stripbooks
9789878220383,,,,https://www.amazon.com/s?k=9789878220383&i=stripbooks
9789878220475,,,,https://www.amazon.com/s?k=9789878220475&i=stripbooks
9789878221427,,,,https://www.amazon.com/s?k=9789878221427&i=stripbooks
9789878221946,,,,https://www.amazon.com/s?k=9789878221946&i=stripbooks
9789878221953,,,,https://www.amazon.com/s?k=9789878221953&i=stripbooks
9789878222233,,,,https://www.amazon.com/s?k=9789878222233&i=stripbooks
9789878222240,,,,https://www.amazon.com/s?k=9789878222240&i=stripbooks
9789878222288,,,,https://www.amazon.com/s?k=9789878222288&i=stripbooks
9789878222301,,,,https://www.amazon.com/s?k=9789878222301&i=stripbooks
9789878222318,,,,https://www.amazon.com/s?k=9789878222318&i=stripbooks
9789878222325,,,,https://www.amazon.com/s?k=9789878222325&i=stripbooks
9789878222332,,,,https://www.amazon.com/s?k=9789878222332&i=stripbooks
9789878222349,,,,https://www.amazon.com/s?k=9789878222349&i=stripbooks
9789878222356,,,,https://www.amazon.com/s?k=9789878222356&i=stripbooks
9789878222370,,,,https://www.amazon.com/s?k=9789878222370&i=stripbooks
9789878222387,,,,https://www.amazon.com/s?k=9789878222387&i=stripbooks
9789878222424,,,,https://www.amazon.com/s?k=9789878222424&i=stripbooks
9789878222523,,,,https://www.amazon.com/s?k=9789878222523&i=stripbooks
9789878222547,,,,https://www.amazon.com/s?k=9789878222547&i=stripbooks
9789878222561,,,,https://www.amazon.com/s?k=9789878222561&i=stripbooks
9789878222592,,,,https://www.amazon.com/s?k=9789878222592&i=stripbooks
9789878222660,,,,https://www.amazon.com/s?k=9789878222660&i=stripbooks
9789878222769,,,,https://www.amazon.com/s?k=9789878222769&i=stripbooks
9789878222776,,,,https://www.amazon.com/s?k=9789878222776&i=stripbooks
9789878266084,,,,https://www.amazon.com/s?k=9789878266084&i=stripbooks
9789878266404,,,,https://www.amazon.com/s?k=9789878266404&i=stripbooks
9789878317014,,,,https://www.amazon.com/s?k=9789878317014&i=stripbooks
9789878317021,,,,https://www.amazon.com/s?k=9789878317021&i=stripbooks
9789878317519,,,,https://www.amazon.com/s?k=9789878317519&i=stripbooks
9789878317687,,,,https://www.amazon.com/s?k=9789878317687&i=stripbooks
9789878317694,,,,https://www.amazon.com/s?k=9789878317694&i=stripbooks
9789878318066,,,,https://www.amazon.com/s?k=9789878318066&i=stripbooks
9789878318509,,,,https://www.amazon.com/s?k=9789878318509&i=stripbooks
9789878318615,,,,https://www.amazon.com/s?k=9789878318615&i=stripbooks
9789878318851,,,,https://www.amazon.com/s?k=9789878318851&i=stripbooks
9789878319032,,,,https://www.amazon.com/s?k=9789878319032&i=stripbooks
9789878371054,,,,https://www.amazon.com/s?k=9789878371054&i=stripbooks
9789878371092,,,,https://www.amazon.com/s?k=9789878371092&i=stripbooks
9789878371153,,,,https://www.amazon.com/s?k=9789878371153&i=stripbooks
9789878371238,,,,https://www.amazon.com/s?k=9789878371238&i=stripbooks
9789878371290,,,,https://www.amazon.com/s?k=9789878371290&i=stripbooks
9789878371313,,,,https://www.amazon.com/s?k=9789878371313&i=stripbooks
9789878371429,,,,https://www.amazon.com/s?k=9789878371429&i=stripbooks
9789878371450,,,,https://www.amazon.com/s?k=9789878371450&i=stripbooks
9789878371467,,,,https://www.amazon.com/s?k=9789878371467&i=stripbooks
9789878435183,,,,https://www.amazon.com/s?k=9789878435183&i=stripbooks
9789878435565,,,,https://www.amazon.com/s?k=9789878435565&i=stripbooks
9789878435671,,,,https://www.amazon.com/s?k=9789878435671&i=stripbooks
9789878435787,,,,https://www.amazon.com/s?k=9789878435787&i=stripbooks
9789878435855,,,,https://www.amazon.com/s?k=9789878435855&i=stripbooks
9789878453101,,,,https://www.amazon.com/s?k=9789878453101&i=stripbooks
9789878453132,,,,https://www.amazon.com/s?k=9789878453132&i=stripbooks
9789878453187,,,,https://www.amazon.com/s?k=9789878453187&i=stripbooks
9789878453316,,,,https://www.amazon.com/s?k=9789878453316&i=stripbooks
9789878453354,,,,https://www.amazon.com/s?k=9789878453354&i=stripbooks
9789878453415,,,,https://www.amazon.com/s?k=9789878453415&i=stripbooks
9789878453422,,,,https://www.amazon.com/s?k=9789878453422&i=stripbooks
9789878453439,,,,https://www.amazon.com/s?k=9789878453439&i=stripbooks
9789878453446,,,,https://www.amazon.com/s?k=9789878453446&i=stripbooks
9789878453620,,,,https://www.amazon.com/s?k=9789878453620&i=stripbooks
9789878453644,,,,https://www.amazon.com/s?k=9789878453644&i=stripbooks
9789878453699,,,,https://www.amazon.com/s?k=9789878453699&i=stripbooks
9789878454108,,,,https://www.amazon.com/s?k=9789878454108&i=stripbooks
9789878930008,,,,https://www.amazon.com/s?k=9789878930008&i=stripbooks
9789878940052,,,,https://www.amazon.com/s?k=9789878940052&i=stripbooks
9789878940489,,,,https://www.amazon.com/s?k=9789878940489&i=stripbooks
9789878979373,,,,https://www.amazon.com/s?k=9789878979373&i=stripbooks
9789878979762,,,,https://www.amazon.com/s?k=9789878979762&i=stripbooks
9789878987217,,,,https://www.amazon.com/s?k=9789878987217&i=stripbooks
9789878987255,,,,https://www.amazon.com/s?k=9789878987255&i=stripbooks
9789878987293,,,,https://www.amazon.com/s?k=9789878987293&i=stripbooks
9789878987859,,,,https://www.amazon.com/s?k=9789878987859&i=stripbooks
9789878988122,,,,https://www.amazon.com/s?k=9789878988122&i=stripbooks
9789878988825,,,,https://www.amazon.com/s?k=9789878988825&i=stripbooks
9789888240494,,,,https://www.amazon.com/s?k=9789888240494&i=stripbooks
9789915651019,,,,https://www.amazon.com/s?k=9789915651019&i=stripbooks
9789915651026,,,,https://www.amazon.com/s?k=9789915651026&i=stripbooks
9789915651033,,,,https://www.amazon.com/s?k=9789915651033&i=stripbooks
9789915651798,,,,https://www.amazon.com/s?k=9789915651798&i=stripbooks
9789915651804,,,,https://www.amazon.com/s?k=9789915651804&i=stripbooks
9789915662374,,,,https://www.amazon.com/s?k=9789915662374&i=stripbooks
9789915662381,,,,https://www.amazon.com/s?k=9789915662381&i=stripbooks
9789915662718,,,,https://www.amazon.com/s?k=9789915662718&i=stripbooks
9789915662732,,,,https://www.amazon.com/s?k=9789915662732&i=stripbooks
9789915662886,,,,https://www.amazon.com/s?k=9789915662886&i=stripbooks
9789915670171,,,,https://www.amazon.com/s?k=9789915670171&i=stripbooks
9789915670188,,,,https://www.amazon.com/s?k=9789915670188&i=stripbooks
9789915670201,,,,https://www.amazon.com/s?k=9789915670201&i=stripbooks
9789915670270,,,,https://www.amazon.com/s?k=9789915670270&i=stripbooks
9789915670744,,,,https://www.amazon.com/s?k=9789915670744&i=stripbooks
9789915670775,,,,https://www.amazon.com/s?k=9789915670775&i=stripbooks
9789915670799,,,,https://www.amazon.com/s?k=9789915670799&i=stripbooks
9789915677026,,,,https://www.amazon.com/s?k=9789915677026&i=stripbooks
9789915677033,,,,https://www.amazon.com/s?k=9789915677033&i=stripbooks
9789915677057,,,,https://www.amazon.com/s?k=9789915677057&i=stripbooks
9789915677064,,,,https://www.amazon.com/s?k=9789915677064&i=stripbooks
9789915677088,,,,https://www.amazon.com/s?k=9789915677088&i=stripbooks
9789915677095,,,,https://www.amazon.com/s?k=9789915677095&i=stripbooks
9789915677958,,,,https://www.amazon.com/s?k=9789915677958&i=stripbooks
9789915677965,,,,https://www.amazon.com/s?k=9789915677965&i=stripbooks
9789915677972,,,,https://www.amazon.com/s?k=9789915677972&i=stripbooks
9789915677989,,,,https://www.amazon.com/s?k=9789915677989&i=stripbooks
9789915680002,,,,https://www.amazon.com/s?k=9789915680002&i=stripbooks
9789915680019,,,,https://www.amazon.com/s?k=9789915680019&i=stripbooks
9789915680200,,,,https://www.amazon.com/s?k=9789915680200&i=stripbooks
9789915680217,,,,https://www.amazon.com/s?k=9789915680217&i=stripbooks
9789915680224,,,,https://www.amazon.com/s?k=9789915680224&i=stripbooks
9789915680231,,,,https://www.amazon.com/s?k=9789915680231&i=stripbooks
9789915680330,,,,https://www.amazon.com/s?k=9789915680330&i=stripbooks
9789915680576,,,,https://www.amazon.com/s?k=9789915680576&i=stripbooks
9789915680583,,,,https://www.amazon.com/s?k=9789915680583&i=stripbooks
9789915680613,,,,https://www.amazon.com/s?k=9789915680613&i=stripbooks
9789915680637,,,,https://www.amazon.com/s?k=9789915680637&i=stripbooks
9789915680859,,,,https://www.amazon.com/s?k=9789915680859&i=stripbooks
9789915680866,,,,https://www.amazon.com/s?k=9789915680866&i=stripbooks
9789915680934,,,,https://www.amazon.com/s?k=9789915680934&i=stripbooks
9789915680958,,,,https://www.amazon.com/s?k=9789915680958&i=stripbooks
9789915680965,,,,https://www.amazon.com/s?k=9789915680965&i=stripbooks
9789915680972,,,,https://www.amazon.com/s?k=9789915680972&i=stripbooks
9789915680989,,,,https://www.amazon.com/s?k=9789915680989&i=stripbooks
9789915686127,,,,https://www.amazon.com/s?k=9789915686127&i=stripbooks
9789915686134,,,,https://www.amazon.com/s?k=9789915686134&i=stripbooks
9789915686141,,,,https://www.amazon.com/s?k=9789915686141&i=stripbooks
9789915686158,,,,https://www.amazon.com/s?k=9789915686158&i=stripbooks
9789915686394,,,,https://www.amazon.com/s?k=9789915686394&i=stripbooks
9789915686455,,,,https://www.amazon.com/s?k=9789915686455&i=stripbooks
9789915686509,,,,https://www.amazon.com/s?k=9789915686509&i=stripbooks
9789915691008,,,,https://www.amazon.com/s?k=9789915691008&i=stripbooks
9789915691114,,,,https://www.amazon.com/s?k=9789915691114&i=stripbooks
9789962726661,,,,https://www.amazon.com/s?k=9789962726661&i=stripbooks
9789974690844,,,,https://www.amazon.com/s?k=9789974690844&i=stripbooks
9789974697850,,,,https://www.amazon.com/s?k=9789974697850&i=stripbooks
9789974738553,,,,https://www.amazon.com/s?k=9789974738553&i=stripbooks
9789974738560,,,,https://www.amazon.com/s?k=9789974738560&i=stripbooks
9789974744677,,,,https://www.amazon.com/s?k=9789974744677&i=stripbooks
9789974744776,,,,https://www.amazon.com/s?k=9789974744776&i=stripbooks
9789974744783,,,,https://www.amazon.com/s?k=9789974744783&i=stripbooks
9789974801103,,,,https://www.amazon.com/s?k=9789974801103&i=stripbooks
9789974801141,,,,https://www.amazon.com/s?k=9789974801141&i=stripbooks
9789974885332,,,,https://www.amazon.com/s?k=9789974885332&i=stripbooks
9789974894471,,,,https://www.amazon.com/s?k=9789974894471&i=stripbooks
9789974894488,,,,https://www.amazon.com/s?k=9789974894488&i=stripbooks
9789974904040,,,,https://www.amazon.com/s?k=9789974904040&i=stripbooks
9789974904064,,,,https://www.amazon.com/s?k=9789974904064&i=stripbooks
9789974904545,,,,https://www.amazon.com/s?k=9789974904545&i=stripbooks
9789974904552,,,,https://www.amazon.com/s?k=9789974904552&i=stripbooks
9789974904576,,,,https://www.amazon.com/s?k=9789974904576&i=stripbooks
9789974904606,,,,https://www.amazon.com/s?k=9789974904606&i=stripbooks
9789974904682,,,,https://www.amazon.com/s?k=9789974904682&i=stripbooks
9789992226643,,,,https://www.amazon.com/s?k=9789992226643&i=stripbooks
9789992510353,,,,https://www.amazon.com/s?k=9789992510353&i=stripbooks
9789992512746,,,,https://www.amazon.com/s?k=9789992512746&i=stripbooks
9789992516652,,,,https://www.amazon.com/s?k=9789992516652&i=stripbooks
9789992520932,,,,https://www.amazon.com/s?k=9789992520932&i=stripbooks
9789992536544,,,,https://www.amazon.com/s?k=9789992536544&i=stripbooks
9789992538395,,,,https://www.amazon.com/s?k=9789992538395&i=stripbooks
9789992538418,,,,https://www.amazon.com/s?k=9789992538418&i=stripbooks
9789992539163,,,,https://www.amazon.com/s?k=9789992539163&i=stripbooks
9789992539187,,,,https://www.amazon.com/s?k=9789992539187&i=stripbooks
9789992539217,,,,https://www.amazon.com/s?k=9789992539217&i=stripbooks
9789992539453,,,,https://www.amazon.com/s?k=9789992539453&i=stripbooks
9789992539507,,,,https://www.amazon.com/s?k=9789992539507&i=stripbooks
9789992574232,,,,https://www.amazon.com/s?k=9789992574232&i=stripbooks
9789992574249,,,,https://www.amazon.com/s?k=9789992574249&i=stripbooks
9789992574259,,,,https://www.amazon.com/s?k=9789992574259&i=stripbooks
9789992574263,,,,https://www.amazon.com/s?k=9789992574263&i=stripbooks
9789992574270,,,,https://www.amazon.com/s?k=9789992574270&i=stripbooks
9789992574287,,,,https://www.amazon.com/s?k=9789992574287&i=stripbooks
9789992574294,,,,https://www.amazon.com/s?k=9789992574294&i=stripbooks
9789992574300,,,,https://www.amazon.com/s?k=9789992574300&i=stripbooks
9789992578445,,,,https://www.amazon.com/s?k=9789992578445&i=stripbooks
9789992585801,,,,https://www.amazon.com/s?k=9789992585801&i=stripbooks
9789992587454,,,,https://www.amazon.com/s?k=9789992587454&i=stripbooks
9789992587850,,,,https://www.amazon.com/s?k=9789992587850&i=stripbooks
9789992597095,,,,https://www.amazon.com/s?k=9789992597095&i=stripbooks
9789995302788,,,,https://www.amazon.com/s?k=9789995302788&i=stripbooks
9789995308551,,,,https://www.amazon.com/s?k=9789995308551&i=stripbooks
9789995309121,,,,https://www.amazon.com/s?k=9789995309121&i=stripbooks
9789995309961,,,,https://www.amazon.com/s?k=9789995309961&i=stripbooks
9789995319137,,,,https://www.amazon.com/s?k=9789995319137&i=stripbooks
9789995319908,,,,https://www.amazon.com/s?k=9789995319908&i=stripbooks
9789995320881,,,,https://www.amazon.com/s?k=9789995320881&i=stripbooks
9789995326821,,,,https://www.amazon.com/s?k=9789995326821&i=stripbooks
9789995334314,,,,https://www.amazon.com/s?k=9789995334314&i=stripbooks
9789995387082,,,,https://www.amazon.com/s?k=9789995387082&i=stripbooks
9789995392611,,,,https://www.amazon.com/s?k=9789995392611&i=stripbooks
9789995392635,,,,https://www.amazon.com/s?k=9789995392635&i=stripbooks
9789996706141,,,,https://www.amazon.com/s?k=9789996706141&i=stripbooks
9789996710971,,,,https://www.amazon.com/s?k=9789996710971&i=stripbooks
9789996715488,,,,https://www.amazon.com/s?k=9789996715488&i=stripbooks
9789996715544,,,,https://www.amazon.com/s?k=9789996715544&i=stripbooks
9789996748509,,,,https://www.amazon.com/s?k=9789996748509&i=stripbooks
9789996752759,,,,https://www.amazon.com/s?k=9789996752759&i=stripbooks
9789996759116,,,,https://www.amazon.com/s?k=9789996759116&i=stripbooks
9789996781308,,,,https://www.amazon.com/s?k=9789996781308&i=stripbooks
9789996787034,,,,https://www.amazon.com/s?k=9789996787034&i=stripbooks
9789996791802,,,,https://www.amazon.com/s?k=9789996791802&i=stripbooks
9789996793110,,,,https://www.amazon.com/s?k=9789996793110&i=stripbooks
9789998900134,,,,https://www.amazon.com/s?k=9789998900134&i=stripbooks
9789998900158,,,,https://www.amazon.com/s?k=9789998900158&i=stripbooks
9789998900943,,,,https://www.amazon.com/s?k=9789998900943&i=stripbooks
9789998900950,,,,https://www.amazon.com/s?k=9789998900950&i=stripbooks
9789998910379,,,,https://www.amazon.com/s?k=9789998910379&i=stripbooks
9789998911307,,,,https://www.amazon.com/s?k=9789998911307&i=stripbooks
9789998911857,,,,https://www.amazon.com/s?k=9789998911857&i=stripbooks
9789998912243,,,,https://www.amazon.com/s?k=9789998912243&i=stripbooks
9789998913103,,,,https://www.amazon.com/s?k=9789998913103&i=stripbooks
9789998913431,,,,https://www.amazon.com/s?k=9789998913431&i=stripbooks
9789998913646,,,,https://www.amazon.com/s?k=9789998913646&i=stripbooks
9789998914322,,,,https://www.amazon.com/s?k=9789998914322&i=stripbooks
9789998914513,,,,https://www.amazon.com/s?k=9789998914513&i=stripbooks
9789998914520,,,,https://www.amazon.com/s?k=9789998914520&i=stripbooks
9789998915596,,,,https://www.amazon.com/s?k=9789998915596&i=stripbooks
9789998968073,,,,https://www.amazon.com/s?k=9789998968073&i=stripbooks
9789998968585,,,,https://www.amazon.com/s?k=9789998968585&i=stripbooks
9789998994065,,,,https://www.amazon.com/s?k=9789998994065&i=stripbooks
9798217027750,,,,https://www.amazon.com/s?k=9798217027750&i=stripbooks
9798217031283,,,,https://www.amazon.com/s?k=9798217031283&i=stripbooks
9798217038763,,,,https://www.amazon.com/s?k=9798217038763&i=stripbooks
9798217045679,,,,https://www.amazon.com/s?k=9798217045679&i=stripbooks
9798217045785,,,,https://www.amazon.com/s?k=9798217045785&i=stripbooks
9798217045839,,,,https://www.amazon.com/s?k=9798217045839&i=stripbooks
9798217046249,,,,https://www.amazon.com/s?k=9798217046249&i=stripbooks
9798217046348,,,,https://www.amazon.com/s?k=9798217046348&i=stripbooks
9798217059201,,,,https://www.amazon.com/s?k=9798217059201&i=stripbooks
9798217059294,,,,https://www.amazon.com/s?k=9798217059294&i=stripbooks
9798217086276,,,,https://www.amazon.com/s?k=9798217086276&i=stripbooks
9798217091249,,,,https://www.amazon.com/s?k=9798217091249&i=stripbooks
9798217091508,,,,https://www.amazon.com/s?k=9798217091508&i=stripbooks
9798217094882,,,,https://www.amazon.com/s?k=9798217094882&i=stripbooks
9798217178902,,,,https://www.amazon.com/s?k=9798217178902&i=stripbooks
9798225002725,,,,https://www.amazon.com/s?k=9798225002725&i=stripbooks
9798225002732,,,,https://www.amazon.com/s?k=9798225002732&i=stripbooks
9798225022426,,,,https://www.amazon.com/s?k=9798225022426&i=stripbooks
9798225022457,,,,https://www.amazon.com/s?k=9798225022457&i=stripbooks
9798225022464,,,,https://www.amazon.com/s?k=9798225022464&i=stripbooks
9798225022471,,,,https://www.amazon.com/s?k=9798225022471&i=stripbooks
9798225022501,,,,https://www.amazon.com/s?k=9798225022501&i=stripbooks
9798225022730,,,,https://www.amazon.com/s?k=9798225022730&i=stripbooks
9798225025984,,,,https://www.amazon.com/s?k=9798225025984&i=stripbooks
9798289091819,,,,https://www.amazon.com/s?k=9798289091819&i=stripbooks
9798330705290,,,,https://www.amazon.com/s?k=9798330705290&i=stripbooks
9798330707812,,,,https://www.amazon.com/s?k=9798330707812&i=stripbooks
9798332900426,,,,https://www.amazon.com/s?k=9798332900426&i=stripbooks
9798707403835,,,,https://www.amazon.com/s?k=9798707403835&i=stripbooks
9798716754942,,,,https://www.amazon.com/s?k=9798716754942&i=stripbooks
9798746326225,,,,https://www.amazon.com/s?k=9798746326225&i=stripbooks
9798746334411,,,,https://www.amazon.com/s?k=9798746334411&i=stripbooks
9798868972201,,,,https://www.amazon.com/s?k=9798868972201&i=stripbooks
9798868973178,,,,https://www.amazon.com/s?k=9798868973178&i=stripbooks
9798868976247,,,,https://www.amazon.com/s?k=9798868976247&i=stripbooks
9798869279910,,,,https://www.amazon.com/s?k=9798869279910&i=stripbooks
9798880011711,,,,https://www.amazon.com/s?k=9798880011711&i=stripbooks
9798887241913,,,,https://www.amazon.com/s?k=9798887241913&i=stripbooks
9798887242934,,,,https://www.amazon.com/s?k=9798887242934&i=stripbooks
9798987695425,,,,https://www.amazon.com/s?k=9798987695425&i=stripbooks
9871138040,,,,https://www.amazon.com/s?k=9871138040&i=stripbooks
9871138121,,,,https://www.amazon.com/s?k=9871138121&i=stripbooks
9871138512,,,,https://www.amazon.com/s?k=9871138512&i=stripbooks
9871138636,,,,https://www.amazon.com/s?k=9871138636&i=stripbooks
9871138695,,,,https://www.amazon.com/s?k=9871138695&i=stripbooks
9871138717,,,,https://www.amazon.com/s?k=9871138717&i=stripbooks
9871138822,,,,https://www.amazon.com/s?k=9871138822&i=stripbooks
9871175434,,,,https://www.amazon.com/s?k=9871175434&i=stripbooks
9875661139,,,,https://www.amazon.com/s?k=9875661139&i=stripbooks
9875661287,,,,https://www.amazon.com/s?k=9875661287&i=stripbooks
9875661929,,,,https://www.amazon.com/s?k=9875661929&i=stripbooks
9875662321,,,,https://www.amazon.com/s?k=9875662321&i=stripbooks
9900001293016,,,,https://www.amazon.com/s?k=9900001293016&i=stripbooks
9900001347986,,,,https://www.amazon.com/s?k=9900001347986&i=stripbooks
