9780194061704
9780194060950
9780194061728
9789814629393
9780194060974
9789814822008
9780194061100
9789814822022
9780194061124
9780194906944
9780194906753
9780194906982
9780194907170
9780194061254
9780194907217
9780194796385
9789814629447
9780194061278
9780194906050
9780194906029
9789814629416
9788416620791
9780194796378
9780194796330
9786180573459
9786180573466
9780194729215
9786180573435
9780194266758
9786180573442
9789992587850
9788413442105
9780194796354
9786180511918
9786180566147
9786180511932
9786180511895
9780194906258
9786180566154
9780194796361
9788467075700
9789814629409
9789814629430
9780194796316
9780194397988
9780194906524
9780194034067
9780194906487
9780593189641
9789814629423
9789500214902
9780194266642
9780194906715
9781404117150
9789814918237
9781546994541
9789996798559
9789814629041
9789814629102
9780194578103
9780194798488
9780194906296
9780194578189
9789974904071
9789501533255
9789814769020
9789814918251
9789814918268
9789814918220
9789814918244
9780156012195
9789877188547
9798225022488
9789814781367
9789814629058
9789814629119
9780194578172
9781338745726
9780194552899
9789814918213
9786180512908
9786180561876
9789814629027
9789814629089
9789814629034
9789814629096
9780194796323
9786180565195
9780194643382
9789877253788
9780194774734
9780140177398
9786180513585
9786180548556
9780194033626
9780194123648
9786180513028
9780547577098
9780194033589
9780679824251
9780194646840
9789878203928
9786180510966
9780194033572
9780194518321
9781338745740
9781338795349
9781338745757
9781338795356
9781338795363
9780544336261
9786180561883
9780062415240
9786180561869
9780194033596
9780194779142
9786180510942
9786180561852
9780194578028
9781338796483
9789878203935
9780194463478
9789875665613
9789877353624
9781338796452
9786180516470
9786313004751
9780399257629
9781338784893
9780194816465
9786180565218
9781338796476
9786180521535
9780194052153
9780062641540
9786316620330
9781546118947
9781546118954
9780194033602
9781546118961
9789814813273
9789814813259
9789814813266
9780147510426
9789877978995
9780194463737
9786180513578
9798225025984
9789974904576
9781544529127
9781368051477
9786180516456
9789871713844
9786180565188
9798225022471
9789998912786
9789500212502
9780194552882
9786180516739
9786180565171
9780194626248
9780062662378
9788417002558
9786180516432
9780194553674
9789605090111
9780194802543
9780194803038
9780194803090
9788430601035
9780194337311
9780194052177
9780194052306
9780194824620
9789877364828
9780194033619
9789604788187
9781544512273
9780194730259
9780062675293
9789508523334
9789501209914
9789877478037
9789877473063
9798225022501
9789876128247
9789996798597
9780194518260
9786180513059
9786180513080
9780194052160
9786180565027
9780194802536
9789998910423
9789877365085
9789915651521
9780194551038
9786180561890
9780194551069
9789877471311
9786313001453
9789877365146
9781338161397
9789500771870
8901180431993
9789974904606
9780194626231
9788418285356
9789871524525
9789877474299
9780449813379
9789877473711
9789974904583
9780194646529
9786180561906
9781339042206
9788419743237
9789915677033
9780194722384
9780194802574
9789877979015
9789814437615
9789568155681
9789877256178
9789878203881
9780194463744
9780194729932
9786180513639
9780194774253
9780194824583
9789508523532
9789974679962
9781338878882
9789877365115
9789915651514
9788467075717
9789506447519
9786313070985
9780194233965
9780194643887
9780679729655
9789974904552
9780194730532
9780194730648
9780545800723
9789877254990
9789506447069
9780194646574
9789878940571
9789814437387
9789814437394
9789814437400
9789814437417
9780385751537
9789814437318
9789814437325
9786313070657
9786313070664
9786313070695
9780194110549
7754111557511
9789508523679
9789878221250
9781546148036
9781338331318
9780194052207
9780194052344
9780194233958
9780194569880
9780194579063
9780194824491
9789974904682
9786313070688
9786313070992
9789877365030
9780194822718
9786313070671
8901180431511
9781339043715
9781338330182
9789877254006
9780194729024
9789874979438
9780194537773
9780194726115
9780194726146
9786180572599
9789604439652
9786313070701
9781338233483
9781338894448
9780545903332
9780823449644
9780194646826
9789878220628
9789814437585
9789501533088
9780194726412
9789998913141
9786313070640
9789998913646
9789877515480
9786313070718
9780062110756
9781400212323
9780194527675
9780194539678
9781338233582
9781546154273
9789996753381
9789998911857
9780194463997
9780593638880
9781338277708
9780593621110
9789877364811
9789877184747
9789915686097
9780194070003
9780194748599
9780194802871
9789915686073
9789877371291
9789877364163
9789878221038
9780194113946
9780194392914
9780194646291
9780194646536
9780194646567
9780194729352
9780194114189
9780194776301
9780194791656
7754111557993
9789604439553
9789877182309
9789877515473
9789877256567
9789915686394
9789915686417
9780194646352
9780194748797
9781339019116
9789568155698
9789500216630
9781338233551
9789505612185
9789500216623
9789877182323
9780194421928
9780194538237
9780194556408
9780194770200
9780194817608
9789878220079
9780194824521
9780194808088
9789877182293
9780194046688
9780194802529
9789506447441
9780062974266
9789877364040
7891360796411
9789974904613
9789877805239
9781339032320
9781338323214
9788408263845
9780531252314
9780545903349
9789877353679
9780194646819
9789874979421
9789878435787
9780194407373
9780194518307
9780194725880
9780194725910
9780194726375
9789974904569
9780194824507
9789915670195
9789915677477
9789504984115
9789874108036
9789874108043
9789877184754
9789915670164
9789915686424
9789974738553
9781368090377
9780194780056
9786313000937
9789504988250
9780451526342
9780763679224
9789998913820
9780781810661
9780194646710
9780194722698
9789604788842
9780194579032
9780194579278
9780194644457
9780194824545
9789915670171
9789915677484
9789877979589
9789877979640
9789915677026
9789915677057
9789915677064
9789915680446
9789915686127
9789915686134
9789915686400
9780194626309
9780763680893
9781338896459
9789877972986
9780545026031
9789877950861
9789506446758
9780194808422
9789878221526
9789877364842
9780194278713
9780194278737
9780194397360
9781368090940
9789604788866
9780194574709
9780194726344
9781338835755
9781368097925
9789878203713
9786180570724
9789604788859
9789915680620
9788427047952
9789877183726
9789915670188
9789915686141
9789974904040
9780194070010
9780194791830
9781338741087
9789878203812
9789874979476
9789915686080
9789500770545
9781400346523
9781400346592
9781338741032
9780593796177
9798217091591
9789504991052
9780316450058
9781338741070
9789508523839
9789875663053
9789992537855
9789874108050
9789506446994
9791387595135
9780194005494
9780194005593
9780194646697
9780194792653
9780593191712
9786313004263
9789877364033
9780194052146
9780194052269
9780194248839
9780194770514
9780194726603
9781408519004
9789877186628
9789915677040
9789915677118
9789915677149
9789915686646
9789974738577
9780194234306
6977885930019
9789915677491
9789877181548
9781101994825
9789874979483
9789915680514
9780593800003
9781338741063
9781338236590
9781338896435
9780593954171
9789877693737
9781338233575
9789877470680
9780194384551
9789568155797
9781339042978
9780194033633
9780194518079
9780194552783
9780194644372
9780194817219
9780194726573
9781464216558
9789500215817
9781546147992
9781546138518
9786313072699
9798225022723
9789974697041
9786313001194
9789974885356
9789974904057
9780062974136
9780194626217
9780194791366
9780593809570
9789504990994
9789877976892
9789974738584
9781339042985
9781680105896
9780451524935
9781368090353
9780194802857
9789915680569
9780718076344
9780593446096
9781664351509
9781338741056
9789500771887
9780194118446
9789877371406
9789877477702
9789996703928
9780194645027
9789504991076
9789814437578
9780194644556
9788448869564
9780194278553
9780194384513
9788466658843
9780194644976
9780194645089
9780194645164
9780194808026
9786316542014
9789504990710
9781338760880
9781338299212
9789877515497
9789915677125
9789915686660
9780194005449
9780194123594
9780194643863
9780194643900
9780194789042
9780194802949
9781338535624
9789915677460
9781338680454
9789501298536
9786070133626
9789877353761
9789878000138
9789996706813
9781546138488
9781546131663
9780194802994
9789915677132
9781338741049
9789996705960
9788418798368
9780194063067
9781668021910
9786316620316
9781339011882
9789877392685
9788448868062
9789871941872
9789504988946
9780194646345
9789506447779
9780194808361
9789877392319
9789878220499
9781338878943
9780194384599
9780194644549
9780194645096
9780194645706
9780194722421
9789877183078
9780194433686
9780194732857
9780194796408
9780194643764
9781338835762
9789604439454
9789605737122
9789871941933
9789915691091
9781101932421
9788427050853
9788484456810
9789877186505
9789877515466
9789974904064
9780194005388
9780194432191
9780194644419
9780194732840
9780194749084
9789878940182
9786313003341
9789871713912
9780812981605
9781338603453
9780593736814
9798217187430
9786313001064
9789915680583
9789504935940
9789877364620
9789915680439
9780718086923
9788418798122
9789877182330
9780593660324
9780553263152
9788408277170
9789878203898
9788466370684
9789877183092
9789877693232
9788410096363
9780194529150
9788419822543
9789501206562
9789873952876
9789877392371
9789992512746
9780194016285
9780194016483
9780194407311
9780194407380
9780194407397
9780194433440
9786180548464
9780194791700
9780593466490
9786313002870
9789878940342
9781338850055
9780194237895
9780194579421
9780194645768
9780194770019
9780194774413
9781338835793
9789604788903
9789604788927
9789605090128
9789877979541
9788418798832
9781339032306
9789974885325
9780194153287
9780194237765
9780194392891
9780194626200
9780194643252
9780194802888
9780679824114
9781339013176
9781368075749
9788419275448
9789974738560
9781338643824
9781338702262
7891360676263
9786070128486
9798880011711
9781400239474
9780062875471
9781984830203
9780394800011
9789877370102
9798217046348
9798225022457
9780593897614
9781338804416
9780593582435
9780593660348
9780385376716
9780593887936
9780194061407
9789500210362
9786316598905
9789508702678
9788408247500
9788466682312
9788498724516
9789508523846
9789877805321
9788432234064
9788449338991
9788466373173
9798225022464
9789502417660
9780194646338
9789877391480
9780194278928
9780194278942
9780194518451
9780194643917
9780194645102
9780194646727
9780194739528
9780194762922
9780194764575
9780451495129
9780593799031
9781523505746
9789507326301
9789874924797
9789877183146
9789877478136
9789878000169
9789878000664
9781546148005
9780194033688
9780194645638
9780194725460
9781546140085
9781338801880
9781589254442
9781589258730
9786180565058
9789604784172
9789915680637
9780593686652
9786070133947
9786070137358
9786070138348
9786070138386
9780062976581
9780143127741
9789504990888
9789871713530
9789874108029
9789915680392
9789974885332
9780194790536
9780593983515
9789877182316
9781338269055
9780593621028
9781546161042
9789873612565
9780881135589
9789877978094
9789915686653
9781546152361
9798225022730
9780062836557
9780593191699
9780593888025
9780593813355
9781426375156
9781546137665
9780593712382
9780385546898
9780194061421
9780194063364
9786313010707
9780545852500
9780194118453
9789508523921
9789504988496
9780194643788
9788439734840
9780194644990
9780194645584
9789504987895
9781984825575
9789814437592
9780194407298
9780194518048
9780194556392
9780194729642
9780194729734
9781338878929
9789877476439
9780593810460
9786313000234
9788448868055
9788466658355
9781338299298
9789877470628
9789877477009
9781338896749
9781546138037
9781544542911
9789504982234
9780194033640
9780194080477
9780194645645
9780194730853
9780194644440
9780194725422
9798868976247
9781546152538
9780593902677
9789501533224
9781339043265
9781546138594
9781639623068
9781664350380
9786180543063
9789878208084
9789878222615
9781401308773
9789508702616
9781543386134
9788418949364
9786313004447
9789877353778
9789502416533
9780061992278
9780194046534
9780194239264
9780194400893
9780194763387
9780194033671
9789504980629
9789504985716
9781680104189
9789877364293
9781368106269
9789500771184
9781546138525
9788408251552
9788411960274
9786316620033
9789915691077
9780525567141
9780593831236
9798217178902
9789877950823
9780593187524
9780241616116
9780064400558
9780439545679
9781418598051
9780064434225
9781400332922
9780063454118
9781335424921
9780063258716
9780008201517
9780063354777
9780063439221
9781534450622
9780063443143
9789877364835
9781546148500
9781546171409
9780593426869
9780593814222
9780593834862
9780545029957
9781368090926
9789878208848
9789877979596
9786316620200
9780063422001
9789504993490
9788466360234
9789506447564
9789873203480
9786313011643
9780399175213
9781501180972
9789500764056
9786313001088
9786313010974
9788408144595
9788408275596
9789500767866
9789877364996
9789877365245
9789877183108
9781400347766
9781338801897
9789878222295
9789878222301
9789878435855
9789877188455
9788416883974
9788467075748
9780194645003
9789877353662
9788466355407
9789877353488
9789877353754
9781338878981
9789878220482
9789878435817
9781546171416
9780194556415
9780194645683
9780194727785
9780593426876
9780593685280
9789915680507
9781368084819
9781668013342
9781338827170
9786313001224
9786313001965
9781338219630
9789874924926
9789877478983
9781339013213
9781338740264
9780060934866
9780194413619
9780194413640
9780194233804
9780194770262
9780194463461
9780194643771
9780593176580
9780593898758
9781081293239
9781338894899
9781546104612
9781589256262
9789915680200
9781339036335
9789998914285
9788419357939
9781546139409
9780593816486
9789502408422
9789502417691
9789877183023
9780440351832
9789915691183
9780194005272
9780194005333
9780194247719
9780194626316
9780194791908
9781982165390
9789878201603
9789877186192
9789871713387
9789504990819
9789998900134
9780194050111
9781664340367
9789502417042
9780008201470
9780593902165
9788494852053
9781602555563
9789502417059
9789877978100
9781426375392
9789878002477
9789915686493
9780063250857
9781476747019
9780063416659
9780718034597
9781546138631
9789507324222
9780439773751
9780593973783
9781400334780
9780593432112
9789504980506
9781452182674
9780063327399
9786316598998
9786313001231
9788412841213
9789877255898
9780525559498
9789877475753
9789915680385
9780194524230
9781338133684
9788448864767
9789508523853
9781546152378
9788494562907
9781640951877
7798083708663
9780194645065
9789502417462
9780194646796
9780194646857
9781339042961
9780063021433
9781338878967
9780823451845
9789878945286
9780063305083
9780194407366
9780194556385
9780881139037
9788408256274
9781538756591
9786313000449
9788466657549
7891360656227
9781339019123
9789877474572
9789877476606
9780399256738
9789998911437
9789915686509
9780064404990
9780194234252
9780194796347
9780316556514
9780593834510
9780593899557
9781501125713
9786180534801
9786313072705
9789504965923
9789604784158
9781400343348
9781631139697
9786313001347
9789915662954
9788427050723
9789871849482
9789508702548
9789877185140
9788419449030
9789876278812
9789915677934
9789915691213
9789974697072
9789974744776
9780194114196
9780194643207
9781984822185
9780194732918
9780194763103
9780194763400
9780194792264
9780439798341
9780692617700
9789915686158
9789877365023
9788494994708
9780062980588
9780194053990
9780194054010
9789915680224
9786313070053
9781664340824
9781546171713
9789878208831
9789502415772
9780062852847
9781338312249
7798083708656
9780887437052
9781338601183
9789877256932
9789877976410
9780593582428
9789915680422
9789877392661
9781728276120
9780194643221
9788401036446
9789504979098
9781339038087
9780778387909
9789915670645
9780593482049
9780593643792
9798225022426
9781546138600
9780439871990
9780545083690
9780439773829
9780439551090
9781546133995
9789506446567
9789500763516
9789877256840
9789915686103
9798217086276
9789878220529
9781339011974
9781339018133
9788408263678
9788499085067
9780194201612
9789504991397
9789915686769
9780545750332
9780194202404
9789878002040
9788448864910
9789504990697
9781589254459
9789877188806
9788416579167
9788419498007
9781338847185
9789877387216
9781338878936
9781338878950
9781338878974
9780593566794
9780194005692
9780194016292
9780194113984
9780194433433
9780194433679
9780194643948
9780194645577
9780194646277
9780385549936
9780525707332
9780593716236
9780593850671
9781339043227
9780718096717
9788466657662
9789504988281
9788410257818
9789877804577
9781546138617
9780545561631
9780194016490
9780194248211
9780194464017
9780194579124
9780194646482
9780194704588
9780194727761
9780194770248
9780194770255
9780316056199
9780194786102
9789500772341
9780593874721
9780807017708
9798225002725
9789878209623
9788425365508
9789974904675
9789992539507
9781426324826
9786316620293
9789915680613
9781368098908
9789502415468
9789504991229
9789878201597
9789877186017
9789877979572
9789915662787
9789915662930
9781426374517
7798083705952
9789915680828
9789877973136
9780194046701
9780194228169
9781338896084
9781943200009
9789508701459
9781680106664
9789974904835
9781338752250
9781338777215
9781338825237
9788466350174
9789992538029
9780063374683
9780143133100
9788408272205
9781878788306
9780439168243
9780525522133
9789502406381
9781546138402
9780593550441
9780062662644
9789878208824
9781631139666
9786313011254
9780593622469
9780063384651
9780063306509
9780063424784
9780063343221
9780062930651
9780063116276
9780063116313
9780064440202
9780063419803
9780063377738
9780062414168
9789915662923
9780063374249
9780062836533
9780062430700
9780062430649
9780062430731
9780062430762
9781400247073
9780063204164
9781328714329
9780063056763
9780063434790
9780194579391
9780063378308
9780063394063
9781602555105
9798217045846
9798217091249
9780553577129
9780142420591
9783791372273
9783791339771
9783791337906
9783791370651
9789874830715
9783791337135
9783791343310
9783791372037
9780593689585
9780525428886
9780593855720
9780143111726
9780593428238
9780593813546
9780593512845
9781984836045
9780375802928
9780593300282
9798217027750
9780593349922
9780545029889
9781984830241
9788498382549
9781546138471
9780593900390
9780593429778
9780593706305
9780593429730
9781546134145
9780593707791
9781680106428
9780593852255
9780593724477
9780307030719
9780593622360
9780593710388
9780451474346
9783791374499
9780593544006
9780593976845
9781368113946
9781635575569
9781984896391
9781501160844
9798868972201
9780316585057
9789878222318
9781464227288
9780062968791
9781484785058
9781015466319
9780593709979
9786313011490
9786316620101
9788408238140
9788408262848
9788408267966
9788426481917
9788490328361
9781455563920
9788498723076
9789501296570
9789915662701
9789501533149
9798869279910
9789504966715
9789504966739
9789504988724
9789504990956
9789504991106
9789506447373
9789508523938
9789871941896
9789877252774
9789877353686
9781338329711
9789877693782
9789877805277
9789877950908
9789878002262
9798868973178
9789915677088
9781442472433
9781021193117
9788439733430
9780194527699
9780194529136
9781546169628
9788410496279
9788420438757
9788420478920
9788426735676
9780440180296
9788439736080
9788466354639
9788466373197
9788466378987
9789877353747
9788491299790
9788499083568
9789502417882
9789502418018
9789502418049
9789504982715
9789504993315
9780679877615
9786313071012
7891360674641
9789876348621
9789877392609
9781338216660
9789877951035
9789878002361
9789878203553
9789878222264
9789878222271
9789877392579
9789873952852
9789996707117
9789996790447
9789998968158
9780194006033
9780194016308
9780194278850
9780194278874
9780194646543
9780194727853
9780194808347
9780194816656
9780593688434
9780593688441
9780593718322
9780593871478
9781338629187
9789506447502
9788413441306
9781631138553
9781631138560
9781680105810
9781682922941
9788408260714
9788418037238
9788466662321
9788466667364
9789871997824
9789874924285
9781338137200
9780060837020
9798225002732
9789877479348
7891360583516
9780194016506
9789814370929
9789814437042
9789814437059
9789814437301
9780194384285
9780194520515
9780194561839
9786313000623
9780194637589
9780194645157
9780194738569
9780194738668
9780194738767
9780194771825
9780194463980
50743664489
9781637168097
9781546114413
9780786836512
9781338776225
9781339023120
9781338889437
9781546144601
9781589254787
9780194808064
9780194824538
9789814370769
9789814370912
9788467793260
9781546134138
9789877479133
9789915677415
9789915680217
9789998968585
9798707403835
9781543334791
9781543386141
9781631138591
9782764347317
9786070129612
9789915680606
9788419357700
9788427047495
9788427049376
9788427050112
9789500214261
9789500215008
9789500253383
9789502415482
9789502417684
9789504944041
9789501209792
9789871713585
9789871713943
9789877472851
9789877186185
9789878121413
9789878201511
9789878208404
9789878988313
9789878988825
9789915662794
9789877974058
9780062662606
9789877364415
9789500771894
9780063372139
9780194643849
9780194789158
9780545231411
9780545703307
9780593658925
9781338829570
9781338851410
9781338851434
9781339000923
9781546141853
9781546142539
9781546175476
9789500215831
9789500772662
9789500772679
9789810175900
9789873854361
9789873854378
9788412841206
9789998968639
9780345514400
9780194053952
9780593462553
9780593708712
9780385539258
9781338666274
9788439734826
9789502817590
9789877694017
9789502415420
9789502415765
9789504967828
9789507323584
7754111030984
7891360674634
9788408247982
9781544534077
9789502415437
9789507324321
9780593580141
9789878120331
9789878120348
9781544534701
9789502416472
9789502416496
9789877976908
9788448866617
9789877364767
9781464221132
9780008537791
9789877364170
9780063157798
9789504993339
9783791373911
9780593855942
9780593983249
9780593854020
9786313001316
9781644213810
9780593544891
9780803736801
9780593581490
9781664340961
9789998994041
9780679866954
9781338865394
9781338875645
9781546110279
9781339037653
9781546132639
9780063238435
9780394800936
9780307389008
9781338814491
9789877392456
9781338284324
9789504992387
9786313001323
9783791374918
9780593137642
9788410299498
9780143129455
9780593352939
9780385490818
9783791371511
81787558052
9780316537049
9780316450010
9780593901779
9783791371399
9789502817927
9789878222349
9780316574525
81787969001
9786313011810
9788401028052
9788433981264
9788439733607
9788466355698
9780194200615
9789502416045
9789502817057
9789504939320
9789504965008
9789504965015
9789504965022
9789504966722
9789508523891
9789877181197
9789877184051
9780593889404
9780194202244
9781338670066
9789877693843
9789877970210
9789877950830
9789878222233
9781400349333
9786313010936
9786313012206
9786316620231
9786316620347
9786379073805
9786313010905
9788413147161
9788419965615
9798217045839
9786316620088
9788439733393
9788466331333
9789504974338
9789500768511
9789501533019
9789502417110
9789502417868
9789502417875
9781546138570
9789502817224
9789506447618
9789507326646
9789877185959
9789877186178
9788427222694
9789877353709
9781339043258
9780593336823
9789877693904
9781546171454
9781546171423
9781546176435
9781546171447
9789878222370
9781546171430
9789998913226
9780194045575
9780194248877
9780194506489
9780194552875
9780194645744
9780194808330
9789877365504
9781339044866
9780593730249
9789915677439
9780593831243
9780593857243
9781631138577
9788412981551
9781464227318
9788419743756
9788448857554
9788448864897
9788466658362
9788466659840
9788467033434
9781546148043
9789504985761
9798217091508
9789507325823
9789507326493
9789874924650
9789874924711
9788427222717
9786313004119
9788410352063
9789877479911
9789878200309
9780194247672
9780194384360
9780194414876
9780194579575
9780194713535
9780194727877
9780194738965
9780194817158
9780451534057
9780593710586
9780593750544
9780593854013
9789500215664
9781546179252
9781339037639
9780593622452
9781546110262
9789998968134
9788427222700
9789877188790
9789877365269
9789878208695
9789915651088
9798217045785
9789998910102
9781546138501
9781338895070
745853843229
9789500215770
9786313001071
9781631139291
9781631139321
9781631139352
9789877365238
9786313010721
9789871713356
9789877392524
9788408051732
9789873952883
9788412981506
9788412981513
9781984825773
9788419085306
9788427042407
9788467794618
9788493755713
9780593728161
9789500215701
9789877256574
9789500772006
9789502414300
9789502415079
9789502415499
9789502416526
9780593723692
9789502417851
9781501160776
9789871343799
9789871713783
9786313003617
9789877976915
9789873854460
9789873854774
9789873854873
9789877185423
9789877185584
9780593983522
9789500215183
9789877472950
9789877474770
9786313001330
9789878201580
9789915662695
9789915662916
9786313003136
9789974744103
9789974744110
9789992574249
9789992574294
9789996752193
9789877473773
9780194400909
9789877474763
9780525542797
9780062993168
9780194730341
9780194802642
9789876340076
9781524761608
9780142402511
9781338745252
9781338871333
9781546109921
9781546119784
9789500772594
9789500772648
9789502417455
9789871208876
9780593714089
9781338030310
9781451673319
9780593379882
9789878371092
9789974894471
9780593334836
9780194053938
9781426320705
9781683692591
9789502416892
9789505472086
9788466378970
9789998965089
9780593750650
9789878203560
9789878206943
9789504991656
9789500216067
9789877976489
9780439023528
9780008240042
9789878204116
9781449486808
9789915677446
9784805317723
9788491050100
9788494852084
9789501119664
9789507324192
9789874924773
9789875795181
9788430609277
9789878120324
9789878120386
9789878120393
9789500212762
9789992574263
9789502417189
9780593622476
9788491057093
9789877805116
9789877254433
9789878203294
9781338568905
9788410352247
9788466363310
9789877364668
9780008537784
9789507324239
9789500215176
9780593512708
9780062890306
9780063375536
9780062961389
9780718087166
9780718091347
9780063355392
9780063373501
9781418597795
9789877187335
9780063343184
9780593694015
9781400351848
9780063327412
9780063349407
9780063116337
9780063351318
9780063442726
9780063290198
9780063096165
9780063096103
9780063258761
9780063351127
9780063418561
9780063434769
9781400346929
9780063423527
9780064409421
9781400248353
9780063080096
9780063222588
9780063458611
9780063306691
9780063299511
9780008239961
9780008183417
9781400336166
9780593976852
9780525556558
9781524770068
9780593656716
9781984806734
9781426338908
9798217094882
9789878120317
9780593539057
9781524714758
9781368080842
9780307276476
9781101934746
9781426338120
9780147514028
9781368092661
9789878207186
9780375802911
9780679844075
9780679851011
9780679826422
9780553211160
9780679838869
9781338299564
8438051042809
9789878940984
9780593624531
9780593650899
9788408252276
9781664340572
9789502408439
9781546129950
9781338299519
9781338575132
9780804190114
9781368102209
9780593644591
9780593716229
9781426371394
9781368102216
9788412981537
9780525558989
9780593481493
9780593983256
9780451474339
9781426373732
9780141439518
9780593796801
9780807014271
9798217059294
9780143106630
9780525708070
9789877250992
9786316620392
9780062073488
9781728296227
9789878222325
9780593598016
9780307587428
9789876124089
9788413147314
9788417992590
9788418056925
9788426407740
9788448031121
9788448033811
9788449338939
9788466344906
9788466358736
9788427050587
9789506447496
9788499891828
9781538704370
9781546114468
9789502817552
9789502817903
9789504991304
9789501533231
9789875668898
9789875808621
9789875808683
9789875808690
9780063420199
9789877184570
9789877186444
9789877186666
9789877257335
9780380709243
9789877371222
9789877392463
9789877477962
9789915686936
9781339013220
9789877691481
9789877691597
9789877693911
9789878001906
9789878221069
9789878222424
9789878266190
9789878453057
9875661929
9786316620217
9786316620507
9786316691149
9786316691255
9788408254645
9788408258889
9788412586305
9788413147475
9788413441504
9788418620362
9788423347926
9788439734727
9788466343251
9788466351119
9788466353618
9788466373180
9788494180200
9788499086958
9789501207569
9789502817231
9789502818139
9781984862075
9789504984269
9789501208498
9789915670935
9789505472567
9789506445720
9789508523907
9789871941841
9789877353716
9789877384734
9789877392678
9789877694130
9789877694185
9789877694208
9789877805505
9789878002064
9789878203546
9789878435763
9789992514818
9789996715044
9780194005654
9780194006002
9780194006019
9780194278584
9780194278638
9780194278669
9780194644488
9780194645058
9780593134092
9780593540480
9780593542927
9780593729281
9780593733479
9780593801307
9780593816134
9780593816837
9780593818459
9781496743947
9789804373701
9781782276722
9781544514215
9788408260684
9788410298194
9788413142852
9788419654953
9788419743275
9788466658874
9789505612291
9781338848526
9789504990963
9789878121017
9789878121338
9789878121390
9789878121406
9789877979633
9789878202778
9781338890334
9789878317694
7891360490050
9780062409867
9780063319127
9780194131124
9780194248914
9780194504492
9780194569583
9780194645072
9780194463201
9780194756259
9780194792189
9780194792714
9780307947987
9780374500016
9780394871806
9780593994191
9781250217431
9781302960995
9781338806694
9781589256033
9789500763691
9789877181623
9789877979534
9789878204000
9789878209029
9789878209302
9789992539163
9789915670201
9789915680019
9789974904545
9788425432026
9781543382280
9781631139307
9781631139338
9781631139345
9789878208640
9789877978186
9788419357250
9788427047945
9788427048799
9786313000739
9788427050624
9788427051027
9788491221296
9788494851988
9789500213028
9789878200811
9789878201573
9780593244036
9789502406404
9789502408415
9789504928706
9789507320897
9789508702395
9789877805512
9789871849048
9789873612695
9789873854057
9789873854910
9780316556323
9789877184471
9789877185492
9789877186499
9789506447762
9789915680866
9789504991038
9789877910506
9789877973808
9789877977851
9781481497077
9786313000685
9789878371467
9788467075724
9788410496002
9781636572994
9789504966630
9781591848011
9789996759994
9789871849376
9789992574300
9780194392938
9780194455138
9780194643214
9780194643801
9780194643894
9789877479454
9789915677750
9789877479461
9789877805246
9781338823042
9781338830910
9781338848045
9781339011967
9781339019918
9781339020853
9781368080507
9781368113113
9781426323164
9781426373749
9781546111801
9781546131595
9781546171829
9781426322518
9789995326821
9789500772617
9789500772624
9789500772655
9789502817200
9789871713455
9789873854033
9789873854347
9789878203942
9789878002026
9789878371054
9786313070015
9789507325977
9789915686882
9780439693912
9781338895100
9781339014982
9781339018157
9781546141556
9781338601176
9786313072682
9780593706275
9798887241913
9789915686943
9789878120058
9781338829457
9789502416724
9780062868350
9789992597569
9780062992321
9781250063168
9789877186727
9789878120379
9781400349326
9781543386028
9781543386059
9781669915195
9786070136962
9789502415475
9789502416465
9789502416489
9788466678209
9789992574232
9789915651392
9789878121437
9789500253390
9789878002392
9780593717790
9789339772338
9786313002917
9780756404741
9789878201030
9780063389779
9789878208145
9780593521731
9786316620514
9781589254763
9789974885349
9789915677798
9788494504235
9780062073501
9789878200330
9789995302450
9789915670829
9789871713905
9780553211757
9781524790783
9781339038193
9781646430338
9780593580806
9789877392029
9780545584166
9789915677989
9780545433167
9781338865639
9789878988122
9786073157384
9781339043692
9780593645772
9781546179399
9781546139188
9780143106524
9780593081501
9781426202919
9780593489413
7891360612650
9780062691194
9780593521656
9780553509977
9789505612284
9780593578636
9788416859382
9789502817835
9789878222356
9780593598009
9781250095299
9783836599900
9780593956731
9786313010578
9786313012107
9789877392531
9788408277583
9788413143200
9788425362965
9788426432599
9789877255751
9788430608690
9788466362641
9788466675079
9788467058949
9788483468463
9788490625194
9788499928845
9780063268456
9789501209884
9789501533286
9789502814322
9789502817347
9789502817804
9789504945673
9789504954767
9789504960096
9789504990932
9789506447335
9789871941889
9789504990789
9789875808850
9789875808867
9789875808898
9789877184464
9789877186710
9781339046969
9789877253818
9789877254778
9789877255027
9789877255843
9789877257526
9789877371437
9789877392272
9789877478235
9789877478587
9789877804683
9789878221953
9789878435565
9789500771863
9780593303856
9780593801970
9786316620149
9786316620170
9786319091427
9788408111603
9788408261575
9781368092203
9788419501646
9788430609987
9788466349529
9788466350273
9788466354370
9789877353600
9786313000074
9781546140092
9789877977479
9781338045840
9783791386287
9789506447298
9789504970354
9780194646321
9789504982807
9789504984078
9789504991083
9781546154327
9789504992226
9789506446314
9789506447403
9783791346588
9789871886142
9789873688515
9789873952920
9789873955037
9789876349711
9789876674379
9789877181593
9789877185249
9780062972453
9789877254792
9789877392333
9780063378995
9789877805123
9789877805260
9789877950755
9789502416458
9781705113554
9789878002354
9789878266961
9786313004928
9791387563042
9871138822
9786313001866
9780194646758
9780194727884
9780194764568
9780194779029
9780593437803
9780593545171
9780593549551
9780593599426
9780593639658
9780593654729
9788490328224
9781338617474
9781338715477
9788466372848
9788408270461
9781368090360
9781634977999
9780593900734
9781705157817
9786180513646
9786316620040
9786316620125
9786316620408
9788408260691
9788417347932
9788418037733
9781338744842
9788419283184
9788466659628
9789915677767
9781400342761
9789500444385
9789501138467
9789504975250
9789504980445
9789504982753
9781546148029
9789871713745
9789875669925
9789877254402
9789877252460
9789877475173
9789877479102
9789877479331
9789500770224
9789878121024
9789878202297
9781339008714
9789878204895
9789878203577
9789878435183
9781338561630
9780593418574
9789873820717
9789878371450
9780062300553
9780194123693
9780194236195
9780194245746
9780194248945
9780194369763
9780194578196
9780194579452
9780194603287
9780194234207
9780194463218
9780194739412
9780194756242
9780194817486
9780316258777
9780394750590
9788408262381
9780593528655
9780545891387
9780593621080
9780593800102
9780593809242
9786313003655
9780679863748
9781524742775
9781534457720
9781589254978
9781664350212
9788427238657
9781338762457
9780525581581
9781546141815
9789878209630
9789915651187
9786316620255
9798217046249
9781546110477
9781338541199
9780380807345
9781338668001
9786313001286
9781534421813
9786313012565
9781546171461
9780063413672
9786316620323
9789877184068
9788408267577
9789878317014
9788427049369
9788427049574
9788427050389
9788427050860
9781250301703
9788494646065
9789500730273
9788433977199
9780008203917
9786313001248
9789502415093
9789502417783
9789502417844
9789915680811
9789877187144
9789507320835
9789507320903
9789507321566
9789507321887
9786313003426
9789508702685
9789568155537
9789877478891
9789877479515
9789871343379
9789915686837
9786313001989
9789877478433
9789871849550
9780385551281
9789877392432
9786313002894
9789876346573
9789877183740
86002052605
9789877185591
9780593468630
9780593468494
9786313000388
9789877910049
9789877910896
9789877977622
9789877979077
9789878201498
9789878121239
9789878201375
9789915651194
9780063415911
9780593735138
9789878206219
9780718086909
9789500216296
9789878988412
9789915677781
9789878203157
9781250080400
9789996752827
7798083708786
9786313001132
9789915691190
9786313001521
9789974744127
9789992574259
9789992574287
9780063305397
9780060256654
9789877479898
9786313003365
9780194401067
9780194442299
9780194442411
9780194643238
9780194732925
9780194763004
9780194791984
9780545365727
9780785294771
9781476738024
9789506444815
9780593899083
9780792266709
9789878222608
9781338541243
9781338792447
9781338802061
9781338871357
9788410335349
9781338899603
9781368095099
9781426320446
9780593661307
9780380709168
9781546136064
9789877365313
9788427049307
9789500772631
9789871343829
9789874796516
9789878266985
9789500215626
9789878371313
9780063327535
9789996752162
9789502816333
9788439733386
9780399533372
9780194779012
9780593643945
9780593643952
9780593871485
9781338864625
9781338879391
9781426376849
9781546114024
9781546127321
9781589254770
9789998900943
9788466330329
9789875809888
9789877691283
9789878002286
9788466332118
9780441172719
9789500211741
9789877979558
9780593480335
9789877970197
9789878317021
9788419260246
9789974801103
7798356618255
9780765365309
9781250027436
9781338233148
9781338322972
9780593550427
9789877514346
9789877254273
9789877187182
9789877187205
9789877392326
9788413148465
9788408282709
9781338269161
9781631138584
9781669915201
9781669918240
9788408102236
9788494795152
9788494795183
9788498452952
9789500215343
9789873993817
9789877511031
9786316675651
9780064400565
9789878120737
9786073186797
9780063236806
9786316620521
9788491052555
9789878200798
9780545663267
9781546176428
9781368090933
9783937855073
9780062060624
9789915662732
9789504991434
7798083708755
9780008201524
9788415580379
9788415580591
9788415580607
9788415580836
9789874830708
9781426375781
9781338892710
9781476753188
9780062692801
9780062692788
9780063228313
9780063355422
9780062236937
9780061935046
9780061935060
9780063070950
9780063071025
9780063070981
9780064401845
9780063305656
9780062930682
9780063343160
9780062676405
9788419743473
9780063320970
9780062933683
9780062279286
9780063382435
9780063045699
9780062085580
9780062676436
9780194802840
9780062699978
9780062699947
9780063450042
9780063271098
9780061853838
9789915680231
9780062964502
9780061702235
9780063060715
9780063037571
9780063037427
9780063037557
9780063060692
9780063290099
9780063257207
9781400247134
9780062430793
9780062430670
9780062974174
9780062675187
9780062404282
9789500772600
9780062404213
9780062404268
9780062675248
9780062868268
9780062868459
9780062868329
9780063272453
9780063272439
9780380709601
9780380709540
9780062676375
9780062475763
9780062085504
9780063287877
9780063415195
9780063311220
9780063413108
9781426374708
9780063467910
9780063056503
9780062563903
9789995301989
9780063083714
9780063395695
9780062085542
9780063050112
9780063203907
9781401603908
9780008240035
9789995300715
9780593852507
9780307277671
9780593549575
9780593578421
9780593712641
9780593582015
9789877186048
9798217118076
9780399245039
9786316620194
9789877182279
9789500216340
9781338702279
9780141194561
9789877180459
9789877979602
9780593705339
9780525707998
9780593493908
9781426338830
9781984899538
9780142408810
9789878205854
9780593977644
9798217038763
9780593644560
9789915670614
9789878000114
9789877257519
9780593387443
9789877805208
9789877977493
9780194792172
9781338828153
9780316477543
9786313011728
9781400219490
9789507326622
9780525435006
9789502817781
9781338816143
9786316553034
9786316598974
9788403523135
9788408224846
9786316592385
9788408262343
9788413141312
9788413146027
9788418173066
9788425363344
9788425363559
9788426400123
9789506447342
9788430609307
9788466349277
9788466357326
9788466359405
9788483467480
9788490328873
9788490629178
9788490700266
9788490706879
9788491297246
9789500770316
9789500771061
9789501201192
9789502416106
9789502816777
9789504981091
9786313003853
9789502417745
9789506447113
9789506447557
9789871524662
9789502418025
9789875808881
9789876708104
9789876708821
9789877181869
9789877256857
9780380709182
9789877371420
9786313003884
9780063429147
9789877693546
9789877693799
9789877804652
9789877804676
9789878222288
9789878435671
9789877472912
9789878453422
9789878940649
9789878940878
9789995301033
9789995334512
9780143112945
9781338359749
9786316508560
9786316533227
9789504991427
9786316609014
9788410096486
9781644738092
9788412044621
9788413146300
9788432234057
9788439737599
9788466343633
9788466346597
9781546152521
9788491295075
9788493777043
9788494030130
9781339027692
9786313070046
9789502417899
9781338801903
7754111024808
9789504979227
9789504982210
9789504984306
9789915680408
9789506446505
9789873688263
9789874479754
9789874856371
9780194789004
9780593722633
9781400346578
9789877392340
9780194808408
9789877693416
9789995301026
9789877805314
9788494799150
9789878201009
9789878207315
9789878371429
9789992226643
9789992538074
9789996710612
9780143107231
9780143111535
9780194045605
9780194323482
9780194506007
9780194511926
9780194643931
9780194645676
9780194646444
9780194646864
9780194646918
9780194808651
9780525555988
9780593336847
9780593405888
9780593467879
9780593705759
9780593815212
9780593972434
9780593983539
9781338767483
9789506446901
9788412981544
9781496740984
9781631134241
9780060936228
9788419654991
9788408253143
9788408260707
9781339043241
9788413142869
9788413146317
9788413147024
9788419654915
9788419654977
9788419743428
9788419965608
9788448854072
9788448863951
9789507881930
9788466371490
9788466658850
9788466658911
9788466658928
9788494285851
9789504973508
9789507326219
9789871997640
9789871997671
9789873952081
9789873952791
9789874132864
9789874830784
9789500214926
9789875712447
9789877805161
9789877977448
9789878207193
9789878121284
9789505612321
9789878221946
9789878317670
9781958803851
9789878317687
9789878940946
7798083708762
9789974738423
9789974738430
9789974738447
9789915680576
9786313003587
9780194114028
9780194114202
9780194239547
9780194462969
9780194512497
9780194646987
9780194792639
9780194645607
9780374602048
9780440420477
9781338865608
9780593714379
9780593871775
9780593978511
9789502417318
9781338312256
9781664350250
9781476753164
9781623542894
9781680106527
9789504978329
9781338883329
9788419283030
9781338687224
9780744028638
765023060911
9786313011094
9788408278672
9781339032313
9786313002221
9789874830722
9781400346561
9789974702073
9789502414317
9798217045679
9781338272314
9781426377235
9789871343133
9781589255197
9789998910379
9789878202303
9781543323993
9781543386158
9781943145317
9786313000593
9789878222523
2180400203343
9789877365436
9788408247210
9788408268109
9788412981520
9788412981582
9788415580362
9788417968106
9788418796371
9788427050303
9788427050402
9789877473780
9781546148050
9788494220555
9788494795190
9789500214100
9789502410883
9789502414829
9789502415086
9789502417738
9789504928690
9789504992677
9789507322204
9789508702296
9789568155483
9789871343409
9789500215688
9789871849031
9789873854729
5060213019133
9789507321306
9789877185157
9786313000609
9789877187083
9781442472464
9780593902691
9781631134050
9789877910179
9789877910902
9786313001156
9789877978285
9781631134074
9781631134180
9781426324925
9786313000968
9786313003181
9789878204468
9789878204864
9789878206950
9789878940915
9789877977790
9789915677095
9789877472110
9786313003396
9788427226166
9780349132617
9781339043685
9789992585801
9789877472097
9789877476101
9780063111486
9789877478242
9780194054027
9780194070027
9780194442336
9780194442459
9780194455237
9780593468869
9780194645591
9780194645737
9780385738101
9780593174388
9789915680934
9781339013183
9781338253771
9781338580730
9781338583007
9781338656190
9781338668407
9781338805772
9789504979050
9781338831672
9781338831696
9781338875539
9781338882957
9781338895018
9780345806789
9781984824295
9789507326264
9781546119630
9781546129295
9781631138539
9781682922910
9781779527295
9780142402504
9788418483646
9781546104452
9789500213998
9788423362028
9781546119692
9788494171444
9789568155711
9789871343584
9789873854385
9789873854453
9786316592088
9788408246589
9789878371238
9789974744646
9781426376511
9789992577424
9788490705872
9780804185622
9781984863614
9780804172707
9788448850555
9789877977639
9789502816869
9780194053907
9780194053921
9780593379608
9780593691618
9780593703403
9781338848120
9781338892444
9788426424921
9781339027678
9781426375712
9781465497864
9781589254565
9789878209289
9789501202854
9780545861243
9788499898704
9789500299503
9789877250299
9789877252156
9789992514788
9789873952913
9788494851957
9798217031283
9788403503816
9788490329085
9788490705902
9788494819148
9789500210553
9789500212069
9789877386455
9780593595442
9789878120195
9789878317038
9780062956569
9780399501487
9780439650762
9780531230718
9780593527184
9780593527221
9781401603977
9781250860019
9781523093144
9788466355353
9789501119640
9789502414256
9789502414515
9789502415116
9789502415123
9789878120355
9789878200293
9786313003846
9780375846847
9780593136362
9781338575729
9781338804393
9781338815399
9789877693836
9781543329698
9781641012249
9786070134180
9786077458586
9789873612527
9780718091866
9789992574270
9789996715624
9789998914513
9781302948542
9781339016580
9789878120287
9788420665665
9780143106289
9789915651170
9781546141686
9780063092983
9788415580829
9788490438466
9786313001255
9780008537777
9781546136095
9789504967835
9780063335592
9780062909114
9780062940513
9780062432407
9780062989628
9780062989642
9780062432612
9781400336111
9780063208247
9781400351831
9780062974419
9992579072
9789877976472
9781426377211
9780399592553
9789504987208
9781612620251
9789878203126
9780375726262
9780525509028
9783791387369
9781426215643
9781984823274
9781524746742
9780385545310
9780142410349
9780385347778
9789878206813
9780679743460
9780593581940
9780399242861
9781607749806
9783791389516
9789877254112
9780804172264
9789877979299
9780593699263
9781611808056
9780593230923
9780439846813
9781339043456
9780545208895
9781338805062
9781338815283
9780593983560
9780593231852
9780143139089
9780593298589
9781546152330
9789878205564
9780593732236
9780142408803
9798217059201
9781400077830
9780679727224
9780593715123
9780593517444
9780593522004
9780593977309
9788430602216
9780593582381
9783791346595
9780147510488
9780593751831
9780448424965
9780142410110
9781426377846
9783836557269
9789504955931
9788417247560
9789878222332
9783836505390
9789507320637
9783836548342
9783836500852
9783836560283
9780316569934
9783836563376
810070624019
9781399618199
9783836585545
9798746334411
9788499089966
9783836556316
9786313010691
9786316553027
9786316553256
9788401030130
9788408186762
810070624033
9788408241263
9788408256212
9788408257721
9788408258193
9789877977721
9789995300012
9788410096042
9788413140711
9788413145679
9789878204963
9788418417757
9788418850189
9788418850295
9781945631832
9788419248350
9788419399526
9780593236598
9788423360697
9788423361076
9788423431953
9788425362682
9788426431059
9788426481801
9780525563693
9788430609321
9788430609338
9788430616794
9788430626274
9788466243292
9788466342643
9788466355254
9788427047372
9788466358354
9788466368247
9789915651200
9789505612314
9788466373074
9781400336159
9788467070866
9788490669600
9788490706800
9781426374197
9788491050728
9788491052456
9788491296737
9788403519770
9788499897790
9788499924007
9789500771856
9789500216265
9789501533316
9789390354160
9789502415550
9789502817088
9789502817446
9789502817859
9789504978312
9789877257113
9789877256109
9789877977707
9789506447533
9789507312588
9789873818837
9789873987564
9789875666481
9789876344166
9789876349758
9789877182019
9789877185263
9789877187021
9781589254756
9789877251586
9789878206677
9789877256550
9789877257342
9789877257359
9789877257489
9781419749094
9789877353617
9789877371031
9789877371093
9789877371413
9789877478518
9789877691405
9789877950717
9781338890587
9789877950953
9783836532136
9789878221472
9789878266176
9789878266404
9789878453330
9789878453620
9789878453644
9789878454481
9789992536544
9789995300883
9789995303549
9789995309985
9780194410274
9780593447666
9781943083053
9786313011285
9789500216166
9788408080794
9788408254652
9788408254959
9788411070751
9788416859351
9788418850493
9788419498113
9788423432561
9788426426734
9789502417097
9788448029357
9788466331869
9788466349345
9788466356077
9788483460474
9789998994027
9789500214735
9789500215602
9789500216272
9789500216333
9789500766623
9789500770231
9789500770972
9789501294569
9789502417622
9788408260226
9789502807508
9789504957485
9789504964148
9789504968986
9789504979975
9789504981008
9789504989431
9789504990666
9780194414814
9789507884252
9789871524303
9789871524372
9789871524778
9789871524785
9789873881589
9786313001040
9789875710535
9789876701488
9789876702096
9789877188530
9789877188905
9789878204901
9789877257618
9789877475081
9783791393810
9789877950656
9789878220383
9789878220475
9789992514634
9789502415048
9780194006040
9780194463454
9780194518475
9780194645126
9780194646765
9780194762908
9780307386410
9780385348744
9781339053028
9780593336861
9789500216470
9780593497678
9780593750636
9780593833575
9781250189967
9781250223180
9788448863005
9781338828542
9789915680521
9781665921763
9780593638446
9786313010516
9789878002156
9786313012220
9786316587411
9788408257578
9788413147031
9788417347000
9780545245036
9788419275103
9788419366597
9788419650566
9788419654939
9780593582398
9788427235885
9788445013960
9788448852603
9788448853044
9788448854065
9788448855437
9788466358750
9788466359450
9788466658904
9788494851964
9789506446895
9789507326295
9789507326455
9789507326653
9789508702463
9789697592104
9780679775430
9788466378062
9789871093625
9789871093717
9789871711994
9789871997534
9789871997558
9789871997794
9789874924452
9789874924599
9789875710269
9789875711846
9786180570717
9789877805031
9786180570731
9780590262675
9780887437069
9789877477634
9789877976496
9781338210194
9789504983910
9789878200194
9789878202310
9789878940243
9789878940427
9789604784196
9789500215077
9789996709784
9780060959470
9780545802642
9780545935340
734439124975
7891360539353
9781546134008
9780143131618
9780143138594
9780194049603
9780194049634
9780194238991
9780194239394
9780194239738
9780194504638
9780194519298
9788417992842
9780194595841
9780194644433
9780194779166
9780194816823
9781426218156
9780316592703
9780439711210
9780440215622
9780590371254
9780593186008
9780593355442
9780593422434
9780762463541
9780593655030
9780593704950
9789877365320
9780765365286
9780765378583
9781250348838
9783754400364
9781338745986
9781338874129
9781523005895
9781546127055
9781639105731
9781680105995
9781680106022
9780545912402
9780194808040
9786180570700
9789505472437
9788427216426
9788427237322
9788448858773
9788448860363
9789502815428
9789502417943
9781338262513
9789878204888
9789878205809
9789878205892
9781338805123
9789915651095
9781546151609
9788494785146
9781338847321
9781338847314
9789878204017
9780545274128
9780823446865
9789974904422
9786313001149
9781338830835
9781426324963
9781426325991
9786316592651
9786316609007
9789878203140
9788417671679
9788418038730
9788419421838
9788484418900
9780316382007
9789877479010
9789501124712
9789502408040
9789502408057
9789502408064
9789502413730
9789502416502
9788494795138
9789568155513
9789568155520
9789877478990
9786313003235
9789871296996
9789878001999
9789871713578
9789871849536
9789873854750
9789877185676
9789878206424
9789877187151
9789877187366
9789877477504
9789877364989
9786313000708
9781426324901
9789877977400
9789877977844
9789504978763
9780718032845
9789878204840
9786313002313
9789878206226
9789877978070
9781426324949
9789877479690
9789871296323
9780593468500
9780062355300
9789877977745
9789974697058
9789974697065
9780194054041
9786313002368
9780194364355
9780194432221
9780194442862
9780194748582
9780194748780
9789504991595
9780194794206
9780194812252
9780194812313
9780399547645
9780439915311
9780545828659
9780590259453
9780590441858
9780593174715
9780593434611
9780593488096
9780593527047
9780593566718
9780593615706
9781982167288
9789878201368
9781338233605
9781338328660
9781338347258
9781338587197
9781338687071
9789504975571
9781543386042
9781338769951
9781338776218
9781338776355
9783836543897
9789504989844
9781338814156
9781338847109
9781339020822
9781339042534
9789877182033
9781524713157
9781546110668
9789877256208
9781607749783
9781631138485
9781631138492
9781664340749
9781665921312
9781683839408
9781984862761
9786313010943
9786313012213
9789877254396
9788427217270
9789500214117
9789915680460
9780143138228
9789877364675
9781338741315
9789877382273
9789877386851
9789878121185
9781591846444
9789877972511
9780060256678
9789871713516
9780385333481
9780194053969
9780194053983
9780316669412
9780440416029
9780545703215
9780593379639
9780593486955
9780593643938
9780593809860
9781338327144
9781338329124
9781338574999
9781338746730
9781338792850
9781400079278
9781338810431
9781338848137
9781339020648
9781400223510
9781524764203
9781449486792
9781546136170
9781546136200
9781546142744
9781546147589
9781589254572
9789500215534
9788408236955
9788439738640
9788466347846
9788490321270
9788499429618
9789500211802
9789915686967
9789501298680
9780394839127
9789502417233
9789506446277
9789875809055
9789877253320
9789995334314
9788466355346
9788490628171
9788490705926
9789504961888
9789504966685
9789915686950
9789875808386
9789877250077
9789877250954
9789878000923
9789992536926
2160400201440
9788417821050
7798356618231
7891360740001
9789871374991
9780439136365
9788466359535
9780545042475
9780545828604
9780593299920
9780593527214
9780765365293
9781250757319
9781338312232
9789504968092
9781779514394
9781982143091
9788448851934
9789501119701
9789502414263
9789502414508
9789502417035
9789998914322
9789878120362
9786313003839
9780593138359
9781616207465
9789502417240
9789877385526
9789877974546
9788408275602
9789878120294
9789878120300
9781538742570
2180400204296
9781612620244
9789873952869
9786313072620
9789877477191
9789877910025
9788418045462
9789878202808
9781534404212
9781669915188
9781543386035
9789915686974
9789877804805
9789500213127
9789500213615
9786316691262
9781339056302
9789873952166
9789995303242
9780063097308
9780063432109
9780063373471
9781338274035
9780063031722
9780062086334
9781604334517
9780063430686
9780345806796
9781400351886
9780060518509
9780063414686
9788494994715
9781338614060
9781400351855
9789878203300
9781400351879
9780063311206
9780063311244
9780593512685
9780061246470
9781400351862
9798987695425
9783836551014
9789877976465
9781612620268
9781641012263
9788448851927
9789877371338
9780063203877
9781984862778
9789953017365
9783791387932
9780593807989
9789974894488
9780307950680
9780593685389
9788490070369
9780545208857
9780545433150
9789876708258
9789500773096
9781664350496
9781338670080
9789878120140
9789875665453
9783791386614
9788419366283
9780262049504
9780062343352
9781984859259
9780593799581
9788499426624
9780593582404
9780194022415
9789877976922
9780593890196
9783836548823
9781638932253
9781016858526
9786316553126
9789504991045
9789878222387
9780439545617
9786313012602
9781338617436
9783836592567
9781399627832
9783836537162
9780060256715
9786313000944
9786313010714
9786313011797
9788403015227
9788403523517
9788408227526
9788408240099
9788408260950
9788408263487
9788408267362
9788408273714
9788408275626
9788408276807
9788408277286
9788411000260
9788413440699
9788413441566
9788413442563
9788418015304
9788418173059
9788418557262
9788418619397
9788418820298
9789502417301
9788418967788
9788419498106
9788419642011
9788419743466
9788423363285
9788425361104
9788425361821
9788425362699
9789915677682
9788425364754
9788425365690
9788426408518
9788426426321
9788426481818
9788427049321
9788430609031
9788430609291
9788432241468
9788434436435
9788439735588
9788439736967
9788445010099
9788445015414
9788449336485
9788449337109
9788449338045
9788449340444
9788466331098
9788466332088
9788466341073
9788466342223
9788466343084
9788466344760
9788466362658
9788466369381
9788466670371
9788467069433
9788490701317
9786313011995
9788490707326
9788490708446
9788491054108
9789502417073
9788491994466
9788499890852
9788499898834
9788499989068
9789500771276
9789501209310
9789501209846
9789501298864
9789501532951
9789501533002
9789501533057
9789501533101
9789502812250
9783836523370
9789877371086
9789504985358
9789504987079
9789504989547
9789504989714
9780448451091
9788466373005
9789506446888
9789506447571
9789507313967
9789873818912
9789875805521
9789876671644
9789877185966
9789877186130
9789877187106
9789877188035
9789877254280
9789877353556
9789877371376
9789877385878
9789877386844
9789878206806
9789877392401
9789877693355
9781523506330
9789877804508
9789877950663
9789877950724
9789877950939
9789878000039
9789878001012
9789507321894
9789878453088
9789878453101
9788490705841
9789878453361
9789992516652
9789504993018
9789995309787
9789995320881
9789996706141
9789996794285
9789998993501
9871138040
9875662321
9781338662078
9786316708007
9788403522633
9788408222101
9788408247142
9780316346627
9788408261582
9781609457457
9788412286052
9788416076475
9788418045820
9788420405803
9788423361557
9788426738479
9788427049512
9788427218697
9788449339462
9788466350914
9788466356046
9788466357609
9788466358743
9788466361231
9788467060201
9788410442634
9789871093151
9788490626597
9788491050667
9789998915688
9788491994015
9788497596848
9788499898636
9789500213035
9789500214971
9789500216593
9789500761703
9789500769013
9789500769976
9789500770880
9789878200286
9789501209211
9789501532210
9789502417912
9789502817569
9789504976103
9789504976677
9789504983583
9789506446208
9789506446789
9789506447229
9783836597036
9789878453521
9789871524341
9780679723424
9789871786831
9789871997848
9789874479662
9786313000630
9789876346269
9789876670661
9789876670807
9789876671859
9789876672108
9789876672344
9789876673358
9789876673389
9789876673518
9789876673884
9789876673891
9789876674386
9789876674478
9789876700542
9789502416663
9789877353471
9781779527257
9780060951436
9789877370799
9789877392593
9789877392616
9789877693423
9789877805413
9798330707812
9789877950786
9789877951011
9789996710971
9789878201023
9789878221175
9789878222578
9789878222592
9789878201436
9789915670836
9788466353472
9781338299496
9780194248921
9780194421942
9780194506243
9780194511858
9780194518420
9780194643924
9780194739818
9780194770538
9780194771818
9780194808668
9780385348737
9780385549370
9780385549868
9780399174193
9780525432227
9781580899833
9780525555940
9780545586177
9780593654712
9780593717684
9780593722657
9780593732250
9789504982982
9781250209788
9781338284263
9781338629200
9781338630992
7798083709271
9781338803938
9781338835786
9781338847178
9781546152262
9781524712327
9781524712433
9781546171881
9781546171898
9786313012374
9789877256017
9788408246251
9788408249429
9788408254355
9788408257134
9788408260677
9788408278665
9788408270782
9788413142845
9788413147048
9788418850301
9781234567897
9788427220218
9788448855444
9788448857547
9788466329811
9781607749813
9788466362207
9789878453507
9788467055351
9788494616037
9788497932462
9789500444422
9789501138450
9789501532999
9789504977575
9789504984160
9789506447663
9789507325816
9789871093014
9789871093571
9789871093588
9789871093779
9789871093847
9789873952241
9789875711099
9788466358095
9789877364682
9789877392364
9789504992400
9789877804843
9789877950670
9786316553188
9789877690903
9789878000145
9789878121246
9789878121253
9781546148012
9789877805291
9789878945538
9781728296685
9789915651071
9789915677873
9789974904880
734439124982
9780062798183
9780143039976
9780155084810
9780194034654
9780194049481
9780194070669
9780194131087
9780194049511
9780194238984
9780194342261
9780194410076
9780194414937
9780194551007
9780194569507
9780194620123
9780194644259
9780194728782
9780194776271
9780194785990
9780194725651
9780194725699
9780198394600
9780307931474
9780316055444
9780345391803
9788417922818
9780394800752
9780399535796
9780439691383
9780440419396
9780449912102
9780593158715
9780593308257
9780194796293
9780593489727
9780593540749
9780593541364
9780593707562
9780593859858
9781101967027
9783836548397
9781338048704
9781338547092
9781338599459
9786313004034
9780545741729
9781589255210
9781592408993
9789877256833
9781338311488
9781878424617
9781945631610
9781982185824
9788417671846
9788417922894
9788420417967
9788420419046
9788427216259
9780345409874
9786310073385
9788448860431
9788467793246
9788490431610
9788490435809
9789508702074
9781546171867
9780553212471
9789871997732
9780545942201
9789874108074
9780525573067
9789878000060
9789878204994
9789878206707
9788419248060
9786070133404
9783836527361
9780439661256
9780823446919
9782764347140
9782764347348
9789992539453
7798083708823
9788426737786
9780593871713
9786313071869
9786316592477
9788408049104
9788408234340
9789877950915
9788408267560
9788408271826
9788408271840
9788417424619
9788417460594
9788418038242
9788419085726
9788419169334
9788419191786
9788419366276
9788419501929
9788427050006
9788427204447
9788427211261
9788427212589
9788427213098
9788427227231
9788490439906
9789500730259
9789500771191
9780679746041
9789502415208
9789502415987
9789502416380
9789502417288
9789502417790
9789504973089
9789871783229
9780553520576
9789568155490
9789568155506
9786313004652
9789871713523
9789878204826
9789873993633
9789874832290
9789874924698
9789875795198
9789507320644
9789876348133
9789500210133
9789877364637
9789877365184
9789877472455
9789877978896
9789878002460
9789878121222
9789878200828
9788408100041
9788408111535
9789878203621
9789878204666
9789878204789
9789878205069
9789878206554
9789504989622
9789878207377
9789915651804
9783836530347
9789915677941
9783836557153
9789915680804
9789915680859
9781912916870
9781400337057
9789998968073
9781250318541
9789878318981
9789974744783
9780194053877
9780194225588
9780194239196
9780194247573
9780194432184
9780194722674
9780194732888
9780194748575
9780194748773
9780679731726
9780194792547
9780399580437
9780451532640
9780545651882
9780590449724
9780590456944
9780593176528
9780593308431
9780593425787
9780593519264
9789998965102
9781250802729
9781302932152
9781338503296
9781338608816
9781338647433
9781338745269
9781338745627
9781338756845
9781338766554
9781338775891
9781338792706
9781338803365
9781338812312
9781338817140
9781338845679
9781338865561
9781338888881
9789878207810
9781339035475
9789915651118
9781426371837
9781426373701
9781524715731
9781664340589
9789502817514
9788448845810
9789877365221
9789998994065
9789568155704
9789871374212
9789874779489
9789877364477
9789877388558
9789877804836
9780525538349
9789877978865
9789877978964
9781951213435
9789996781308
9789878371153
9789877353648
9789878988870
9789875669284
9789974904811
9781589255203
9789995309824
9780062434159
9789878371290
9788408226888
9788423356355
9780194053891
9780194247665
9780545417235
9780593123102
9780593648360
9780593661277
9780593898611
9781338612264
9789998911307
9789877479355
9781338883497
9781338890617
9781338892734
9781338893076
9789878000152
9781339047591
9781426373343
9781426377860
9780451531346
9781546124962
9781546131601
9781664340732
9789915677811
9788408193296
9788408217848
9788408229872
9788423351015
9780593977620
9780593523629
9788408123712
9788490704738
9788499086200
9788499087139
9789500211116
9789502415802
9789502806112
9789504976363
9789506444495
9789506445690
9789871195107
9789871524365
9789995303891
9789996715211
9789996725036
9789998900950
9786313070725
9789878121444
9788491299875
9789878001975
9788401026270
9788420454825
9788423430833
9788426403438
9788497592468
9789500212861
9789502417219
9789506201500
9789563603897
9789875809093
9789876700931
9789995301095
9789998913103
9798887690643
9871138121
2160400201464
9789878120188
9786316691231
9789915680316
9780142437339
9780143134152
9780194620031
9780194620079
9789996759345
9780307743664
9789974679993
9780439358071
9781338745733
9789996715440
9780525535010
9789992587492
810070623753
9780593098233
9780593233528
814743015197
9780812968255
9780063411524
9781250044433
9781449474256
9789507884061
9788494994722
9781501110368
9788448857844
9788494852022
9781338681413
9789874108067
7848003220017
9789507884184
9780545861311
9781338216233
9781580898928
9781631139574
9781669915171
9788494220562
9789877691214
9789501137026
9789502417363
9789507320934
9789507321139
9789507324376
9789810730864
9780829770629
9783791346199
9789873951183
9789500216494
9780374533557
9789992578490
7891360152002
9875661139
9789915686929
9780307465375
9781984801463
9789878207209
9788415277491
9789502818047
9789501533217
9788430617272
9780593135228
9786313000821
9789878318851
9789878222561
9788420433936
9781368062237
9781546175575
9781368026963
9780593468463
9789878209296
9780062868305
9788415580690
9783836566193
9789878204376
9789878202105
9788408254454
9789507321818
9788417636647
9783791388243
9789996759246
9789500772587
9780063413825
9788467793253
9781368068239
9786070128912
9789996759192
9780062692573
9781589254794
9789877365054
978991577996
9780525556572
9781338787849
9781338328608
9781546171874
9788448862343
9789502416908
9789500286763
9780451534040
9789877365191
9789873804892
9789878205540
9783791381534
9789871783236
9781426209482
9789504982241
9788494852091
9789878208169
9789877187373
9789877977486
9781414391335
9781441343062
8902023000390
9786316553157
9788415594291
9788416029235
9788449308536
9781560977742
9780063375697
9781257771974
9781797214382
9783836577878
9798289091819
9500726068
9786313001910
9786313012114
9783836598774
9788403523708
9788408192343
9788408230885
9788408246329
9788408256236
9788408262398
9788408273837
9788408275763
9788411070782
9788411071598
9788411072250
9788413141145
9788418173745
9788418850592
9781338722932
9788419283764
9788419346315
9788419399564
9788419399816
9788423360079
9788423431397
9788423432783
9788423433629
9788423434008
9788425355882
9788425362644
9788425362651
9788426407771
9788426423429
9788426426833
9788426481764
9788426481825
9788426481863
9788430609345
9788430625741
9788432242106
9788432248344
9788439736936
9788445015407
9788449339165
9788449340932
9788466329873
9788466330817
9788466337328
9788466338257
9789877257670
9788466353809
9788466360920
9788466368216
9789995301927
9788467062359
9788467067118
9788467067125
9788467071153
9788490707456
9788490708439
9788496580770
9788497594929
9788497933773
9788497936774
9788499894041
9788499896717
9780063387621
9789500298889
9789500765596
9789877371499
9781338792164
9789502415536
9781338603347
9789502817910
9789504980469
9789504990949
9789504991403
9789506447359
9789871144839
9789871257362
9789873688478
9789875668652
9789875805934
9789875808874
9789876129800
9781591847380
9789877185508
9789877188448
9789877353341
9789877371147
9789974690349
9789877383430
9789877385212
9781524899370
9789877805215
9789877950571
9789877950946
9789878001951
9789878453613
9789992579008
9786313071517
9789915670799
9789995302948
9789915677958
9781105567599
9781400238569
9780743215992
9786313011056
9786316508584
9786316620248
9786316620422
9788408046028
9788408072805
9788408090939
7891360662471
9788408210023
9788408244509
9788408251569
9788408254638
9789876706100
9788413147352
9788413441672
9788415431657
9788416076635
9788416859337
9788416859344
9788417247188
9788417636685
9788418619694
9788418798894
9788419085597
9788419449214
9788419449795
9788419498014
9788423357055
9788423434152
9788426729804
9788426732767
9788426736154
9788426737182
9788426738424
9788426738844
9788426738899
9788426738912
9788426739568
9788427227972
9788430622313
9788432240676
9781664350656
9789507325465
9780194644389
9788466342810
9788466343183
9788466346511
9788466347174
9788466350600
9781984854032
9788466354677
9788466356008
9788466357210
9783836547901
9780194644396
9788467052091
9788467056631
9788467061390
9788467066067
9788490625859
9788490705933
9788497592413
9788497593489
9788497593670
9788499892542
9788499897677
9789500215428
9789500215794
9789500770026
9789501205237
9789501205770
9789501513882
9789501532166
9789501532234
9789501532876
9789502416618
9789502416878
9789502815039
9789502815053
9789504965152
9789504971658
9789504981305
9789995392611
9789504982951
9789504983590
9789504985082
9789504988052
9789504989554
9789504990031
9789504991069
9789504991090
9781546138419
9789505473069
9789506447526
9780194646369
9789507326110
9798746326225
9789507883316
9789507883590
9789507883699
9789878266084
9789871388189
9789871886074
9789873688348
9789873881848
9789507884573
9789876672580
9789876672924
9789876673310
9789876673402
9789876673471
9789876673525
9789876674485
9789877186970
9789877353280
9789877365092
9789877365108
9788408139249
9789877370645
9781546152323
9789877392388
9789877804317
9789877804737
9789877950960
9789878001418
9789878002422
9789878002453
9789878121123
9789878206738
9780553573404
9789878220192
9789878318509
9789878453118
9789878453187
9789878453354
9789878453514
9789878454399
9789878454771
9789878940267
9789915670768
9789992587454
9789995304812
9786316620484
9789877950694
9875661287
9780143111528
9780194029483
9780194278782
9780194372213
9780194397353
9780194518284
9780194538220
9780194578066
9789877977134
9780194644532
9780194645041
9780194645652
9780194645690
9780194645720
9780194646314
9780194646437
9780194646512
9780194646550
9780194720038
9780194722377
9780194739887
9780194748568
9780194762885
9780194764551
9780194768269
9780194769662
9781338596700
9780194808637
9780241302910
9780525552932
9780525552956
9780545176002
9780593238684
9780593465271
9781546130192
9780593550403
9780593639665
9780593719701
9789998914520
9780593854051
9780593874707
9781338682243
9781338776232
9781338795004
9781338828566
9781382006644
9781426219078
9789500772310
9781580899840
9781645471400
9781668026038
9786070128875
9786313010523
9788408257653
9788408258544
9788408270584
9788418051388
9788418798825
9788419191755
9780762491483
9788419743770
9788420459257
9788490435847
9788491053576
9788497593472
9788499089980
9789500444408
9789500444415
9789501136579
9789504964032
9789504984337
9789504989820
9780593513095
9789871093144
9789874132161
9789875710191
9789875712300
9788413147468
9789877256581
9789507326523
9789878001630
9781946764539
9789878202082
9789878203119
9789878222660
9789878977416
9789878987255
9789878987293
9780063433151
9789915662879
9789915677514
9789915677521
7891360635581
9789504992189
2180400180767
2180400181689
9789877979565
9780061339202
9780062472106
9780062797155
9780156949606
9780194033657
9780194049368
9780194131070
9780194049849
9780194239349
9780194248259
9780194397254
9780194421867
9780194422246
9780194425766
9780194425773
9780194512404
9780194579094
9780194603294
9780194729451
9780194638036
9780194644983
9780194824576
9780198348641
9780316017930
9789877473360
9780439731232
9788439736585
9783836595315
9780553521078
9780593083888
9780593098257
9780593098264
9780593202364
9780593492222
9780593569047
9780593621967
9780593715529
9780692189030
9780735267893
9780765360038
9780812983043
9780876145463
9781250842725
9781250850553
9781250866455
9781382006613
9789875796478
9789878208862
9788412572773
9781639730957
9781645472322
9781680106510
9781684376513
9780198418153
9780198418160
9781338603323
9788417921873
9788420417721
9788420417738
9788427214651
9788427217195
9789504988908
7754111020848
9789877188769
9786316553195
9781602550094
9788467006889
9783836588065
9788425363924
9789878205786
9789878205793
9789878205823
9789878206639
9789502818023
9789878208893
9789995392635
9786310094946
9900001293016
9781338745245
9780545014472
9789877255904
9780545750356
9780590940641
9780823446896
9780823446902
9789995300432
9781338767506
9781339043678
9781623542085
9781623542122
9781682921432
9782764346969
9781338299144
9786313000845
9780593578124
9788408245209
9788408248231
9788408253778
9788408266662
9788417305413
9788418798580
9788418820533
9788418915901
9788419743749
9788420459523
9788426726438
9788426726810
9788426728258
9788426728425
9788426733320
9788426733382
9780593700464
9788427209824
9781338739978
9788427901063
9788466362214
9788484418771
9788490438244
9788491052517
9788494220586
9786313002474
9789878203164
9789500769785
9789501129502
9789501129519
9789506447830
9789502413365
9789502414294
9781451627299
9789504973065
9789507325847
9789507326066
9788493755768
9789871713752
9780545009027
9789871783137
9789873993626
9780593139158
9789874924490
9780593310083
9789874924902
9789876349116
9789500211857
9789877185669
9789877187052
9789877187236
9789877187328
9789877363326
9789877363432
9789877364262
9789877365009
9781426373640
9781250857439
9789877979282
9789506447854
9789500771962
9781631134234
9786313001101
9789878200804
9789877181142
9789878200835
9789878201122
9789878201207
9789878201474
9780811204811
9789878222769
9789878204260
9789878204871
9789878205779
9789878206417
9789878208961
9789878208978
9789500215886
9781401971366
9789915680989
9789915677972
2180400203138
9789915680378
9789915680798
9789915686431
9788467075687
9789974690363
9789974885998
9788408249269
9798887242934
9781426326028
9780062268143
9780194239110
9780194239158
9780194364195
9780194400947
9780194401036
9780194442329
9780194626224
9783836587921
9780194643870
9789877389050
9780194674072
9780194730822
9780194803021
9780394890487
9789878203997
9780439846837
9780516222431
9780545215930
9780545220958
9780545636315
9780590149044
9780590930031
9780593123010
9789502415611
9780593486283
9780593563076
9780593563106
9780679887386
9780823443475
9781302934729
9789877805499
9781338281613
9783836584296
9781338335491
9781338561609
9781338580754
9781338596588
9781338608908
9781338680270
9781338680294
9781338684667
9781338716405
9781338717402
9781338744989
9781338748970
9781338752502
9781338766530
9781338767650
9781338776249
9781338797855
9789877364934
9781338814187
9781338816105
9781338825251
9781338825923
9781338825954
9781338847130
9781338849998
9781338851953
9781338853636
9781338854046
9781338864182
9781338865356
9781338879117
9781338883442
9781339019956
9781339020914
9781338118513
9781426376856
9781524789671
9781524792657
9781546128106
9789878207216
9781625810588
9781639620722
9781779517906
9781984814524
9788408171300
9780525536963
9788418688539
9788420459561
9788426727817
9788426737779
9780761187486
9788448855246
9788448857097
9788448857103
9788448860721
9788490430040
9789500212847
9789500213134
9789877365290
9786313010912
9789877365306
9789871208838
9789874796523
9789874830777
9781426221675
9780593084663
9789877519242
9789877974010
9789877977127
9789878121000
9789878200392
9789878200491
9789878201238
9789974679979
9789875801837
9789915677736
9789874830760
9789974904460
9789974904804
9789992539187
9789995309961
9783836542845
9780679723165
9789507324383
9788433966728
9780593661246
9781338561678
9781338608472
9781338826784
9781339011325
9781339041209
9789871093038
9780593349663
9781546132660
9781546136125
9781644732724
9781984830272
9788408202486
9788418006814
9786313011551
9788426407863
9788466339674
9788466662383
9788490625651
9788490668030
9788498727050
9789501298123
9789502415314
9789504927952
9789504966593
9789504974055
9789870416111
9789877384482
9788466351058
9789871524501
9788408163459
9788408187073
9788417809812
9788420454979
9788423431168
9788426409478
9788466348133
9788490627419
9788490628690
9788491050094
9788497594257
9789500212755
9789500212946
9789501293180
9789501299885
9789501511284
9786313011032
9789502416809
9789504957416
9789504967811
9789504968085
9789506201579
9789500211963
9789871997091
9789877384512
9789874924971
9789876706254
9789877970487
9788418850776
9781426219719
9789878453132
9789878453194
42409518861
7754111649155
9789878222776
9780062792167
9780063159983
9789502817071
9789877364958
9780316310376
9789877353723
9780316548182
9780375836909
9780385546027
9780451531704
9780525573029
9780525574514
9780545349659
9780553496673
9780593374207
9780593420218
9780593527191
9780593871461
9781101904213
9781338812763
9781400216802
9781419749155
9781552388099
9781250899668
9781779515353
9788430608126
9788412071863
9789504969273
9781338158892
9789877387377
9789878120591
9780593234839
9783836546157
9789878205144
9780593122518
9781338252804
9781338271492
9781338273298
9781338606522
9781338823523
9781543329704
9786070128851
9788493976941
9789915677965
9788498452150
9780385550888
9789507321122
9789995308094
9780241303351
9789873994012
9789873994159
9789915680415
9780307951717
9789877974041
9789877977073
9789878453019
9789876671958
9780593719435
9789877256697
9789501297607
9780062936615
9789877804911
9789995308551
9789878208909
9780545942157
9781250899699
9789871256495
9788427216372
9788430601134
9789995303730
9788408257714
9781338233414
9788408119593
9788408247463
9780194792349
9781338329544
9789871093243
9788467025286
9786313011483
9788413144887
9780061992889
9780241507667
9780062305015
9783836567473
9780064409391
9789877979305
9789915677705
9789877974560
9789877979312
9789877805154
9788419822932
9783836522205
9789877976854
9789874880475
9781338233537
9781338767643
9789915680002
9789995306878
9788466360791
9783791379685
9781546151753
9789873820465
9780194792240
9788499985473
9783836567022
9780194049962
9780194050081
9783836557801
9789500214995
9780789348326
9789915680132
9789915662718
9788416029426
9783836561693
9783836594851
9781835623527
9789915680088
9780593898284
9789877371161
9789878120768
9781585424337
92633113707
9780241620168
9780718021450
9786313000722
9789504992646
9786313010097
9781835623374
9789878208152
9788401029813
9788403014329
9788403518445
9788408041368
9788408266686
9788408124047
9788408196525
9789501532616
9788408231202
9788408237341
9788408249498
9788408249504
9788408249511
9788408251712
9789878000121
9788408262404
9788408267195
9788410096226
9788410096943
9780789348494
9788411001908
9788413144351
9788413144665
9788413147734
9788413440569
9788413441269
9788415431572
9788416029396
9788416076819
9788417167066
9788418040696
9788418173035
9788418620348
9788418620461
9788418620980
9788418850110
9788418850288
9788418967269
9788418967825
9788419248602
9788419437822
9788420400303
9788420438030
9788423362288
9788423432158
9788423435678
9788425361005
9788425362668
9788425363696
9788425365188
9788426444295
9788426481832
9788426481849
9788426481856
9788430616541
9788430624362
9788430625680
9788432213755
9788432239540
9789877383553
9788433908414
9788434435988
9788439735908
9788439737155
9788449338984
9788449339516
9788449340925
9788449341526
9788466334631
9788466349871
9788466352178
9788466357432
9780439538206
9788466371926
9788466372886
9788466668569
9788466676069
9788467055177
9788483469187
9788490328132
9788490625101
9788490704950
9788490705247
9788490706398
9788490706817
9788491054979
9788491991649
9788491992622
9788491993728
9788497593267
9788497595957
9788498755343
9788499928906
9788499989334
9789500206693
9789500299497
9789500769150
9789500770781
9789878120218
9789501261608
9789501294828
9789501296563
9789501296617
9789502401683
9789502413297
9789502817361
9788466373098
9781419782930
9789877250268
9789506447366
9789506447410
9780593123416
9789502417707
9789506447601
9789507314346
9781647222697
9789870426264
9789873202599
9789873818905
9789875667716
9789875668119
9789875804883
9789876096683
9789876279727
9789877182828
9789877185614
9780593467732
9789877251562
9789877254563
9789877255775
9789877256895
9789877256901
9789877353570
9789877370737
9798330705290
9789877383645
9789877383683
9789915686714
9788426739223
9789877803556
9789877804720
9789877950465
9789877950625
9789877950892
9789878000435
9789878002163
9789878453415
9789878453484
9789995300838
9789995302788
9789995303556
9789995303907
9789995309701
9871138695
9780525521440
9781641012102
9786313010103
9786313010202
9789915677866
9780789348630
9788401025563
9788401029608
9788403522060
9788403536562
9788408006633
9788408046035
9788408073239
9788425362989
9788408237358
9788408252979
9787558197758
9788408257530
9789878002088
9788412288544
9788412477696
9789504990901
9788417305987
9788418055263
9788423341016
9788423353408
9788423353699
9788423361489
9788423429967
9788423431557
9788423432585
9788425358982
9788425362514
9789877188820
9788426727046
9788426732866
9788426735522
9788426738783
9788427044210
9780194643832
9789995304348
9788439737995
9788466347617
9788466348263
9788466350587
9788466350785
9788466351027
9788466354356
9788466357166
9788466357319
9788466358439
9788466359290
9788466359634
9788466360739
9788466360760
9788466361019
9788466361118
9788466361200
9788466361316
9788467066005
9788484506485
9788484506942
9788490628683
9788490628980
9788490668542
9788491053200
9788491054061
9788491054528
9788491055020
9788491993797
9788493700911
9788494716935
9788497595964
9788497930840
9788497931625
9788498753226
9788499080017
9788499087252
9788427235779
9788499922997
9788499927879
9789875669116
9789992510254
9789500772563
9789501206517
9789501209303
9789501297737
9789501510003
9789501532098
9781797234342
9789501533040
9789502416090
9789502814896
9789502815206
9789502815435
9788411070553
9789502816340
9789502816357
9789502817125
9789502817972
9789504926832
9789504955115
9789504966654
9789504976646
9789504977421
9789878001289
9789504982326
9789504986768
9789504986799
9789504989745
9789504990413
9781443460712
9789505077373
9789505078707
9789505472734
9789506446987
9789506447472
9789506447649
9789507318122
9781338359770
9789507883781
9789507884542
9789877804140
9789871524556
9789871524600
9789871886197
9789877976526
9789873688249
9789876671026
9789876672672
9789876673792
9789876700856
9789877188172
9789877188882
9789877256659
9789877353389
9789877353501
9789877370911
9789877386332
9789877693850
9789877950557
9789877950595
9789877950601
9789877950793
9789877950878
9789877977738
9789506447625
9789996759116
9788466665407
7754111020435
9789878220871
9789878221427
9789878318066
9789878318615
7891360154815
9789878453446
9789878453699
9789878940052
9789878940489
9789915670621
9789873612558
9789915670775
9789995319908
9789996715488
9781400351817
9798716754942
9780063251922
9788426425485
9780143106784
9780198418191
9780194278805
9780194323468
9780194323475
9780194506120
9780194518000
9780194518727
9780194644471
9780194644495
9780194644518
9780194644525
9780194646703
9780194646895
9780194728645
9780194768986
9780194775601
9780194775618
9780194775625
9781664350557
9780194808309
9780194808620
9780194816441
9780194817615
9780194817653
9780241620175
9780241642993
9780385545990
9780385550444
9780451418500
9780451495150
9780553384925
9780593232866
9780593299531
9780593315651
9780593335666
9780593357378
9789915677729
9780593655733
9780593713082
9780593724750
9781302957179
9781324093060
9781338681482
9781338686531
9781338775402
9781338809978
9781338835779
9789508702661
9781524763596
9781534496194
9781339042657
9781668001226
9786313010448
9786313012381
9788403522558
9788408247890
9788408253426
9788413140162
9788413145778
9788416859320
9788417167981
9788417247850
9788418483196
9788418850455
9788419260161
9788426738738
9788426739803
9788445013977
9788448855055
9788448863654
9788466357050
9788466359399
9788483463659
9788483469071
9788491050049
9788491055884
9789501138320
9789502417981
9789502818030
9789504948254
9789506444426
9789507325960
9789873612671
9789871093120
9789878209890
9786180566222
9789871093335
9789871093472
9789871783076
9789874568663
9789874924124
9789877805345
9786316620415
9789875710573
9789875711426
9789875712461
9789876092203
9789877353402
9789877387704
9789877389166
9789877389975
9789877474190
9789877479324
9789877518337
9789878001487
9789878001944
9789878120225
9789878200156
9789878200187
9789878202099
9789878202457
9789878221540
9789877389388
9789878222653
9789878222684
9789878454702
9788467070859
9789878945095
9789878977447
9789878987859
9789915651019
9789915677538
3760195712481
9789915677859
9789998975071
9789974744677
9789996752551
9788490708002
9780062698490
9780064471107
9780142001196
9780194023009
9789974697850
9780194049399
9780194238557
9780194239035
9780194239356
9780194239660
9789504965084
9780194305921
9780194317214
9780194325387
9780194370875
9780194372008
9780194375993
9780194387545
9780194413299
9780194413329
9780194429252
9780194506601
9780194534680
9780194534727
9780194569538
9780194571937
9780194574211
9780194577366
9780194579186
9780194609135
9780194644204
9780194646390
9780194715171
9780194729338
9780194740098
9780194769587
9780194774536
9780194791168
9780194808323
9780194645669
9780198394778
9780307931511
9780439269971
9780465024117
9780525515746
9780525635567
9780531237007
9780544570986
9781338767568
9780593543610
9780593566916
9780593621776
9780593889091
9780761151135
9780762447695
9780765350374
9781157775942
9781250166548
9781320531719
9781338530681
9781338692266
9781338874112
9781382006606
9781382006651
9781426218989
9781442370807
9781465290397
9781483450629
9781524761431
9781524763138
9781539689713
9781569757284
9781631498671
9780194808385
9788427222687
9789877977837
9788426432315
9788425363931
9789878206714
9789878208985
9789878208992
9789878209395
9789915651101
9789915670782
9789915670805
9781452168661
9781338849134
9781426333514
9782764347157
9782764347737
9786070128424
9786070129957
9786313010929
9786313071401
9786316620057
9788408232070
9788408249306
9788408251217
9788408270515
9788408271925
9788412981575
9788416138500
9788417424305
9788417736835
9788419366436
9788419366900
9788419421333
9788420440866
9788420456683
9788420456720
9788420459622
9788426727947
9788426728210
9789500215015
9788426733177
9788426733498
9788426733740
9788432241697
9788426737793
9788427048348
9788427050136
9788427050730
9788427208483
9788427209459
9788427210134
9788427216204
9789877187199
9788427217843
9788427218048
9788427219397
9788427220850
9788427224926
9788427225923
9788448849955
9788448858438
9788448863975
9788482988221
9788482988245
9788482988283
9788490434628
9788494171413
9788494220524
9788495873361
9789877694123
9781400220366
9789501129366
9789501129526
9789501131079
9789501135008
9789501136562
9789502409467
9789502411026
9789502417271
9789502417295
9789504969129
9789504984689
9789504985723
9780063055735
9781958803837
9789507323041
9789507324932
9789507326370
9789508702456
9789871208463
9789871296224
9789871343393
9789871713264
9789871713547
9789877951004
9789871849154
9789873820731
9789873854958
9789873994302
9789874108142
9789874880444
9789874880451
9789877185430
9789877187229
9780593800737
9789877362992
9789877364026
9789871786954
9788408251224
9789877365061
9789877381306
9789877510447
9789877972962
9789877976861
9789877978339
9789877978551
9789915686264
9789878000725
9788427044746
9788413441320
9789878200316
9789878200729
9789878203539
9789878203614
9789878203676
9789878203782
9789878203799
9789992538418
9789878204185
9789878204253
9789962726661
9789502414904
9789877910780
9789878940892
9789878988887
9789915651798
9789915662350
9789878201481
9782764379431
9789915662800
9780062404527
9789915680958
9789915680972
9789915686448
9781338894424
9789877257601
9789878201351
9789995308773
9789995309121
9781982165413
2111700102838
9780060256555
9780152024499
9780194005067
9780194046596
9780194046794
9780194225564
9780194401029
9780194432108
9780194442305
9780194442442
9780194641944
9780194643269
9780194644563
9780194730921
9780194732956
9780194763059
9780194780124
9780194791885
9780194791960
9780194792646
9780194802628
9780194802789
9789501533132
9780194803007
9782764352533
9780545068239
9780545225298
9780545383714
9780545813877
9780545932233
9780590420426
9780590456937
9780590487719
9780593122983
9780063371781
9780593441077
9781338099195
9781338159356
9781338239904
9781338239966
9781338246100
9781338295207
9781338297003
9781338300710
9781338347234
9781338347241
9781338545890
9781338547573
9781338549256
9781338553826
9781338566697
9781338580846
9781338589207
9781338629767
9781338643893
9781338645415
9781338648058
9781338665109
9781338666045
9781338687170
9781338692686
9781338726671
9781338726763
9781338736595
9781338739961
9781338740271
9781338741162
9781338745436
9781338745658
9781338745795
9781338749021
9781338758634
9781338764758
9781338775396
9781338794595
9781338794656
9781338797886
9781338800005
9781338800326
9781338802245
9781338815191
9781338817164
9781338825510
9781338825893
9781338827200
9781338829426
9781338844771
9781338850086
9781338851946
9781338859164
9781338890600
9781338894363
9780140280197
9781338801910
9780593201893
9788419466105
9781580896627
9781625810311
9781779518392
9781779519832
9781953424341
9788408206552
9788408206569
9788408206576
9788417605148
9788417736170
9788418014130
9788418850448
9788419859242
9788426736659
9788426739025
9788448832834
9788448834807
9788448834821
9788491050797
9788494851940
9786310057132
9789500772716
9789502417578
9789504989417
9789507325830
9789871061563
9789871208807
9789874880406
9789877186055
9789878202112
9789877970494
9789877972979
9789878202549
9789888240494
9789974684041
9789915680330
9781400220137
9789876128810
9789877804515
9788419275561
9789871713592
9781338816167
9789877254860
9780142414330
9781684129065
9780525553908
9789915686707
9780545211185
9780545642804
9781338566772
9781338809589
9781338892420
9781339020587
9781339020679
9786073194716
9788408223177
9788408224723
9788417007218
9788418006081
9788426404411
9788433914262
9788433914729
9788449335617
9788466338844
9788466341660
9788466346849
9788466350112
9788466355414
9788466666497
9788483462928
9788490328279
9788490628720
9788499083605
9788499085517
9788499086743
9788499089546
9789500212250
9789502811260
9789504932611
9789504963882
9780593235508
9781984824714
9781524898441
9789873987717
9789874831330
9789877692099
9789878319032
9788491056850
9781400331864
9781644733950
9788408175728
9788408187110
9788408187608
9788408224860
9788408237419
9788408237426
9788413440439
9788416327744
9788417399665
9788417417055
9788418173158
9788420431680
9788426406941
9788439733164
9788445000687
9788449328831
9788449337055
9788466329354
9788466337892
9788467060720
9788483468913
9788490327258
9788490628188
9788490705889
9788490708095
9788490708323
9788490708934
9788491052210
9788491992639
9788497592444
9788499890920
9788499925578
9789500209915
9789500211352
9789500298810
9789500440202
9789501297942
9789501516227
9789502416885
9789504937883
9789504947554
9789504953371
9789504966111
9789504967279
9789504970293
9789504974192
9789504975052
9789506201548
9789506203245
9789507316081
9789508523198
9789569961113
9789873202605
9789874924858
9789875807143
9789875809154
9789876703192
9789876704847
9789876705585
9789876706148
9789877352542
9789877380033
9789878001142
9786316553324
9789992510353
9789996708022
9789877256093
9871138512
9788466354523
9788466355162
811803031715
9788418850998
9781546119968
9788448863869
9788419743862
2180400203572
6933256637741
9789500772754
8607020240250
42409517819
9789877805352
9780143122968
9780307744661
9780316527156
9780345804853
9780439064873
9780525541912
9780525560739
9780593138168
9788417922641
9780593303740
9780593421338
9780593527177
9780694007097
9780735231535
9780770436698
681147055032
9780812982046
9781250209764
9789500771399
9781250787989
9781250318626
9789878201191
9781338322965
9781400053117
9781401954758
9781442408937
9789501532906
9781501194801
9781524762421
9789877384123
9781585427109
9789877951042
493260120098
9781612680194
9781680106732
9788408225287
9789501119718
9789875796461
9789876279604
9789877388183
9780140150469
9789996791802
9798332900426
9789877518511
9780451533906
9789502817545
9788426728067
9789871849284
9780142408773
9780143106647
9780375860942
9780375867309
9780375870286
9780375870354
9780385752794
9780525435280
9780544935204
9780545208871
9780545682442
9780545694704
9780545733120
9780545859264
9780545861298
9780545861359
9789877185164
9780593377727
9780593650868
9781338166484
9781338271508
9781338355246
9781338587531
9781338807646
9783791393766
9781543329681
9781543329711
9781580899468
9781607749769
9786073186728
9789504969136
9788412071832
9786313001927
9788494852039
9789878120256
9788498458459
9789500211895
9789500212403
9789500212670
9789500428811
9789501136586
9789501137231
9789502410920
9789502413372
9789878205106
9789915680156
9789873994210
9789874924223
9789877056266
9789877385298
9789877385816
9789877514001
978987751487
9788420440361
9789877975840
9789877976236
9789877976359
9789877978674
9789998912243
9789992578445
9789995301934
9789998911550
9789998913431
9789502809380
9780593189214
9780823446926
9788427217263
9789878121383
9781338784015
9789915670256
9788433998972
9788410346536
9788419581891
9789998915596
9781338745177
9789875798847
9789974904415
9780679805274
9789877365078
9788420485997
9789501298734
9788426735942
9789875710252
9789877977714
9788482988467
9781338827309
9788413441382
9789877973785
9783791393001
9780446569903
9783791377223
9780143124177
9789506203054
9789915677668
9789504983460
92943152335
9789915670751
9789915680309
9781400031702
9783791377049
9788413142739
9789878000305
9781797235363
9789878204123
9789915670744
9788408234395
9780241326886
9780241413074
9780241619896
9780241668382
9781505713893
9786313010585
9789505472376
9786316620064
9788401026294
9788401031427
9788402423924
9788403014572
9788403502734
9788403524200
9788408061953
9788408069782
9788408216605
9788408216797
9788408222170
9788408223108
9789502417950
9788408248217
9788408250890
9788408250920
9788408251521
9780194118415
9780194118422
9788408277224
9788408278702
9788411000604
9788413142692
9788413146461
9780194118439
9788413440675
9788413440835
9788413440880
9788413441023
9788415729747
9788416237005
9788416883288
9788417338350
9788417636777
9788418040436
9788418051098
9788418483073
9788418619359
9788418850578
9788419248671
9788419399496
9788419399601
9788419399724
9788419437365
9788420401768
9788420416502
9788420419220
9788420431628
9788420435985
9788420456560
9788423432929
9788423434817
9788423435999
9788425353437
9788425359729
9788425361517
9788426403339
9788426404480
9788426424570
9788427045965
9788427049741
9788427051430
9788430607099
9781338767636
9788430616800
9788432237720
9788432241536
9788432248160
9788433968524
9788433971586
9788433977090
9788434433946
9788434435834
9788439742401
9788445004326
9788445013274
9788445014318
9788449339486
9788449339936
9788449340093
9788449340598
9788449340918
9788466331968
9788466332071
9788466349208
9788466354509
9788466359313
9788466360906
9788466361002
9788466363747
9788466372824
9788466372855
9788466372879
9788466674515
9788467033816
9788467065466
9788467070873
9788475095868
9788490320594
9788490704233
9788490708309
9788490708316
9788490708422
9788490708460
9789877256925
9788491990673
9788491991595
9788491993667
9788497545235
9788497934329
9788498726343
9788498726770
9788498920949
9788498927177
9788499083599
9788499088044
9788499897660
9788499925714
9788499929064
9788499987675
9789500205092
9789500205122
9789500205191
9788433977748
9789500298926
9789500299534
9789500432016
9789500749282
9789500769259
9789501295078
9789501532487
9781524899325
9789502410449
9789502413266
9789502414881
9789502415055
9789502415857
9789502816852
9789502816883
9789502817095
9789504915492
9789504924647
9789504943679
9789504980889
9789504989875
9783836591959
9789506202606
9789506443412
9789506447205
9789506447397
9789507319198
9789685270168
9789870432517
9789871941827
9789872875473
9789873752131
9788499929057
9789873987557
9789875666474
9789875802834
9789876092791
9789915677804
9789876280198
9789877251470
9789877251715
9789877252866
9789878206684
9789877256284
9789877256871
9789877370973
9789877371178
9789877380026
9789877383614
9789877383652
9789877384611
9789877392227
9780008537807
9789877693898
9789877802634
9789877950687
9789877950748
9789878001517
9789878513256
9789992582206
9789992582220
9789992597095
9789995301200
9789995301330
9789995303082
9789995320072
9789995326715
9789995373832
9789995386948
9789996752759
9789996791604
9786313010219
9786316533180
9788403522251
9788408119203
9788408121893
9788408123934
9788408175735
9788408175766
9788408187592
9788408197515
9788408237624
9788408245537
9788408247487
9788408251538
9788408252955
6014416991955
9788408258698
9788408261612
9788408281436
9788411000987
9788412477610
9788413145822
9788413440590
9788415729860
9788416076307
9788416240036
9788417338343
9788417992477
9788418006500
9788418557873
9788418619199
9788423352715
9788423353682
9788423356454
9788423361236
9788423429011
9788423431786
9788423432264
9788423433520
9788423434138
9788425357718
9788491055013
9788426481184
9788426737120
9788426736628
9788426738523
9788426738745
9788426739827
9788427022096
9788427045347
9788432237805
9788432237812
9788434435674
9788439730484
9788439733171
9788439734611
9788439735663
9788449337239
9788449338618
9788449339509
9788466329149
9788466330015
9788466331418
9788466345668
9788466347297
9788466357333
9788466357722
9788466358606
9788466359375
9788466360777
9788467061109
9788467075731
9788483468920
9788483658734
9788484509981
9788490321959
9788490626085
9788490626610
9788490628607
9788490628973
9788490628997
9788490629000
9788490629260
9788490665435
9788491050773
9788491053668
9788491992882
9788491993025
9788491993735
9788491994145
9788491994213
9788497592512
9788497592581
9788497593137
9788497599412
9788498755169
9788499086583
9788499088242
9788499088648
9788499428208
9788499891095
9788499898841
9788499926285
9788499928289
9788499929170
9789500210256
9789500213394
9789500213684
9789500213721
9789996787034
9789500770965
656750570777
9789501206630
9789501207613
9789501294750
9789501298949
9789501532760
9786316592200
9789502813561
9789502815008
9789502815015
9789502815183
9789502815190
9789504935889
9789504960782
9789504965138
9789504966197
9789504966708
9789504967323
9789504969709
9789504970538
9789504976080
9781338716535
9789504979210
9789504981046
9789504983453
9789506445997
9789506446000
9789506446192
9789506446345
9789506446932
9789506447212
9780593448977
9789915680965
9788490321126
9789507883569
9789507884108
9789507884566
9789871524495
9789871941926
9789871941940
9789873688560
9789874479563
9789874856333
9789874892515
9789874892560
9789875664692
9789875666702
9789876670159
9789876672160
9789876672740
9789876673501
9789876674874
9789876706087
9789877252385
9789877255980
9788426737632
9789877353631
9789500771375
9789504977629
9789877389753
9789877391862
9789877392203
9789915670812
9781419783531
9789877801767
9789878203133
9789877392517
9789878222530
9789878222547
9789878222844
9789878317519
9789878453439
9789878453583
9789878979373
9789878979762
9788426481795
9789992520932
9789992539217
9789995302658
9789995308940
9789996701009
9789996712135
9789996793110
9789996793165
9789878121307
9780194006026
9780194029452
9780194029513
9780194034159
9780194034449
9780194034456
9780194034463
9780194034470
9780194034487
9780194034494
9780194034517
9780194034524
9780194034531
9780194034715
9780198418207
9780194305648
9780194305778
9780194372169
9780194372206
9780194392907
9780194394796
9780194421904
9780194506052
9780194506175
9780194506298
9780194518499
9780194518697
9780194539685
9780194551014
9780194551021
9780194644501
9780194645010
9780194645034
9780194645614
9780194646802
9780194729345
9780194729369
9780194729741
9780194729901
9780194739443
9780194739450
9780194739467
9780194739825
9780194770224
9780194770767
9780194789134
9780194791748
9780194808293
9780194808644
9780194808675
9780194816250
9780241637777
9780399250651
9780451417305
9789502417561
9780525555919
9786313072613
9780545698306
9780593180075
9780593235010
9780593243091
9780593297063
9780593421536
9780593422878
9780593438060
9780593654705
9780593713020
9780593715543
9789915651026
9780735217966
9781250819352
9781338285260
9781338682267
9781338692211
9781338745184
9780060530945
9781338803921
9781338837513
9788425362675
9781426223167
9781426223471
9781524712488
9781578269402
9781607749233
9781623541149
9781787738607
9788408089810
9788408102274
9788408227243
9788408244769
9788408245261
9788408247449
9788408246619
9788408246633
9788408268376
9788408276852
9788415594697
9788417671808
9788417922719
9788418797774
9788418915123
9788419654892
9788420412146
9788420453477
9788426737403
9788426737762
9788426739797
9788427051416
9788448855239
9788448861490
9788448865139
9788466357128
9788466362511
9788490438541
9788491050001
9788491050476
9788491053354
9788493453749
9788494785290
9788497593168
9788497594349
9788499187570
9781984896438
9789500752756
9789504944393
9789504955948
9789504972549
9789504973775
9789504976806
9789504977643
9789507326257
9789509080744
9789509080829
9789509080898
9789585191877
9789871093410
9789871093441
9789871093540
9789871093762
9789873818783
9789874132437
9789875669062
9789875710054
9789875804548
9780765365279
9789877388329
9789877390773
9789504975809
9789877976809
9789877976816
9789878001388
9789878201450
9789878201467
9789878202280
9789915677774
9789878266022
9789878940670
9789878945316
9789878987217
9789915651156
9789915651927
9789915651941
9789915662176
9789915662381
9788427216747
9789974738416
9789974904866
9789996737152
628136612043
78041108351
7807202936174
7807202936198
7908011753737
843479157635
9780062326980
9780062327000
9780143127680
9780194034050
9780194034128
9780194034135
9780194046527
9780194049245
9780194049276
9780194052566
9780194123792
9780194049726
9780194219044
9780194049757
9780194049870
9780194237956
9780194238021
9780194238540
9780194239028
9780194239424
9780194239431
9780194245586
9780194247061
9780194247597
9780194249805
9780194302524
9780194302647
9780194305945
9780194312851
9780194312875
9780194316170
9780194328104
9780194336253
9780194342285
9780194362474
9780194370967
9780194372251
9780194376235
9780194384384
9780194386890
9780194393355
9780194401081
9780194420785
9780194421683
9780194421706
9780194421737
9780194421799
9780194425780
9780194510561
9780194512350
9780194512565
9789877187038
9780194569521
9780194645447
9780194704502
9780194704519
9780194704540
9780194704557
9780194728812
9780194729093
9780194729123
9780194729529
9780194729710
9780194768139
9780194769648
9780194770231
9780194774574
9780194775656
9780194786058
9780194794466
9780194463720
9780194809320
9780195802320
9780198427100
9780307742483
9780312349530
9780312674397
9780316040532
9780316252164
9780316310321
9780316370950
9780345545893
9780358362777
9780374348106
9780385549073
9780439388818
9780439791441
9780439894050
9780440236764
9780451228307
9780451465443
9780470425244
9780525429760
9780525434665
9780545562089
9780545861779
9780545886482
9780553212419
9780573681578
9780582081406
9780582364028
9780593230381
9780593356173
9781338601305
9780593655115
9781338601312
9780679785897
9780691169309
9780735212206
9780761158431
9780790613390
9780807032558
9780995284111
9781119868569
9781152825628
9781157445340
9781338089905
9781338159653
9781338312225
9781345522792
9781382036429
9781408215333
9789992596173
9781439149270
9781450744294
9781455538744
9781455561186
9781455588824
9781506219837
9781506266077
9781510719040
9781524757908
9781536618211
9781545486832
9780578295268
9781559363099
9781573225519
9781588166104
9789504967262
9781590516652
9781602826717
9781612509228
9781619693388
9781625231352
9780718021528
9781682532379
9781728276113
9781849538121
9781984879295
9780198418177
9788427221253
9789878120102
9788427223523
9789877804263
9788448862626
9788426738233
9788493755751
9780881138689
9786313011421
9789878200996
9789878201108
9789878201146
9789878205090
9788466659734
9789878208855
9789878940793
9781524898458
9789877365337
9783836555821
9789915691114
9900001347986
9788418637018
7840090003849
9780241312407
9780439086974
9780439087292
9780439398855
9780439756952
9780448461755
9780545458184
9780545819985
9780590270489
9780590471220
9780593174265
9780593177761
9780593522615
9780688154684
9781338158908
9781338187779
9781338208672
9781338239911
9781338300802
9781338670073
9781338767513
9781338798197
9781338883145
9781426324840
9781426324987
9781682630204
9781933605791
9782764352557
9781419784392
9786316592064
9786316592552
9780679891154
9788408229599
9788408240143
9788408240396
9788408253761
9788408254140
9788408260219
9788408266754
9788408271833
9788408273417
9788411320573
9788417424268
9788417541576
9788418594045
9788418798061
9788419421562
9788420459240
9788420482989
9788420483184
9788426406040
9788426726674
9788426726872
9788426727879
9788426731838
9788426732781
9788426735454
9788426735607
9788426736598
9788427049345
9788427050129
9788427051461
9788427209442
9788427213128
9788427217836
9788427219182
9788427219649
9788427221499
9788427225961
9788427234789
9788448850883
9788478833146
9788482988252
9788490431276
9788490434819
9788493976910
9788494795169
9788494799136
9789500713993
9789500724678
9789500740814
9781400078776
9789501109771
9789501109788
9789501121490
9789501123401
9789501123425
9789501126426
9789501127096
9789501129373
9789501132090
9789501132465
9789501132489
9789501132830
9789501132939
9789501132946
9789501132953
9789501137040
9789502409443
9789502415024
9789502417141
9789504929796
9789504959038
9789507322716
9789507323034
9789507323720
9789507323737
9789507325724
9789583023033
9789814769242
9789871296859
9789871713349
9789871713561
9789871783694
9789871849352
9789873200236
9789873398209
9789873854422
9789873854514
9789873993640
9788403522305
9789874240750
9789874796547
9789874796561
9789874880420
9789876346757
9789877363579
9789877364941
9789877803341
9783836581912
9789877976885
9789877978322
9789877978346
9789877978483
9789877978568
9789877978773
9789877978827
9789877978834
9789878940755
9789878002125
9789878203591
9789878204161
9789878204192
9789878204222
9789878205052
9788426728784
9789878206202
9789878208480
9789915651866
9789915662374
9789915670270
9789915670300
9789915670607
9781339021577
9788466356015
2180400161445
9781338214581
9789878453316
9789915686455
9789915686691
9789500206129
9789974744899
9781426324864
9780062234896
9780062404435
9780064405782
9780142407547
9780152057800
9780194005043
9780194005074
9780194046756
9780194070034
9780194070065
9780194070072
9780194123532
9780194123570
9780194220033
9780194220637
9780194220811
9780194225533
9780194225557
9780194236577
9780194238700
9780194239721
9780194239769
9780194247146
9780194338332
9780194338349
9780194338462
9780194338479
9780194392921
9780194400756
9780194400855
9780194400886
9780194400961
9780194400985
9780194421676
9780194442428
9780194455169
9780194455213
9780194455268
9780194455336
9780194626194
9780194641524
9780194641531
9780194641555
9780194641579
9780194641821
9780194641869
9780194641906
9780194641982
9780194643405
9780194646505
9780194720014
9780194720076
9780194720083
9780194732901
9780194740104
9780194763394
9780194780162
9780194789103
9780194792158
9780194802727
9780194812078
9780195969481
9780195969498
9780195969665
9780399244919
9780399545061
9780439206389
9780439231916
9780439559713
9780439684002
9780439796446
9780439833127
9780439862271
9780439894036
9780486418353
9780486426426
9780516246673
9780516460345
9780531212059
9780531218273
9780531281062
9780545088473
9780545098915
9780545108553
9780545115186
9780545156677
9780545175326
9780545195713
9780545222365
9780545237574
9780545244701
9780545312844
9780545342520
9780545344784
9780545365826
9780545436540
9780545436854
9780545453479
9780545605700
9780545630092
9780545683661
9780545698955
9780545732796
9780545784023
9780545791434
9780545814461
9780545826044
9780545848619
9780545872386
9780545883795
9780545905916
9780590227155
9780590265874
9780590420129
9780590432290
9780590465717
9780590475631
9780590642668
9780590847797
9780590931540
9780590982078
9789995319137
9780593570357
9780689806278
9780721426235
9780723247739
9780803732285
9780843139938
9780883880524
9780884483090
9781302930288
9781302946562
9781302948078
9781338029376
9781338042887
9781338088632
9781338121803
9781338121827
9781338129342
9781338151749
9781338159172
9781338180633
9781338208696
9781338215243
9781338232172
9781338239935
9781338239942
9781338239959
9781338253788
9781338268539
9781338329506
9781338355871
9781338505252
9781338577136
9781338582970
9781338596649
9781338627725
9781338629132
9781338643732
9781338648263
9781338666540
9781338668322
9781338670097
9781338677171
9781338680126
9781338681796
9781338684681
9781338692242
9781338714548
9781338715422
9781338732733
9781338734256
9781338736625
9781338745467
9781338745535
9781338753356
9781338756364
9781338766660
9781338766691
9781338767230
9781338767940
9781338770476
9781338776348
9781338777246
9781338794977
9781338796339
9781338805857
9781338823059
9781338824490
9781338826456
9781338835403
9781338839821
9781338848021
9781338853742
9781416958192
9781423634119
9781426306266
9789507326660
9781447943600
9781467705912
9781557046796
9781562947309
9781616051372
9781625810571
9781743179567
9781779518538
9781779519931
9782764352564
9788408171324
9788408244370
9788416867691
9788417605704
9781338894875
9788427225992
9788448832810
9788448857806
9788448862077
9789500213592
9789500767774
9789500772570
9788490430323
9789502817989
9789504962281
9781338894882
9788466357425
9789507325472
9789508702333
9789871208821
9789871208852
9789871208968
9789871849468
9789873202919
9789873203145
9789874779403
9789874779465
9789874779496
9789874832269
9789877363722
9780062851062
9789873993657
9789877364866
9789877975635
9789878001685
9789878200385
9789878200453
9789877690927
9789878202532
9789878940960
9789878940991
9788497930147
9789974744288
9789974904507
9789974904514
9789998900158
9788419275905
673419388252
9780789348418
9789878208237
78073003990
9780062974396
9789877386004
9789877385724
9780545797610
9780194247696
9780194249799
9780198418214
9780439350846
9780439903745
9780516293752
9780545078825
9780545102704
9780545352239
9780545425599
9780545785044
9780545795401
9780545825030
9780545868150
9780545890137
9780545919777
9780590275583
9789878930008
9780593652176
9781338047257
9781338053807
9781338054675
9781338117509
9781338118155
9781338118452
9781338130201
9781338141580
9781338210224
9781338237917
9781338239553
9781338540420
9781338654998
9781338670776
9781338799613
9781338814668
9781338832334
9789915677699
9781400238415
9789504985730
9788408216827
9788416972517
9788418620041
9788418620072
9788426421395
9788433920089
9788433920881
9788433973696
9788439737469
9788439739234
9788466334365
9788466340304
9788466348652
9788466669467
9788483658802
9788490324349
9788490623831
9788490624401
9788490625897
9788490626696
9788490668726
9788498389661
9788499080338
9788499086156
9788499891934
9788499928081
9789500210805
9789500211000
9789500212601
9789502415130
9789502417066
9789502812052
9789504963608
9789504963899
9789504965411
9789504965671
9789507322747
9789508851185
9789870427186
9789873203107
9789873987700
9789875800458
9789875801295
9789876703789
9789877380439
9789992538395
9789995306335
9789995387082
9789996748509
9789996772320
9789876345927
9789974690844
9871138717
9789915651033
9789502817392
7840090002026
9506201773
9780143107712
9780399164033
2160400201433
9780593081617
9781794745728
9788408046233
9788408187080
9788408231653
9788416517237
9788416517305
9788416517350
9788418056789
9788418173134
9788425355196
9788426404657
9788426407528
9788445000670
9788449320019
9788449329128
9788449329821
9788449337819
9788466359795
9788466668071
9788479539610
9788483467497
9788484320012
9788490329399
9788490625958
9788491050230
9788491050865
9788491054047
9788497592475
9788497595698
9788497938440
9788498388473
9788498927818
9788499080130
9788499088174
9789500209298
9789500209854
9789500211208
9789500211581
9781589258723
9789500212281
9789500212342
9789500762038
9789501297980
9789501298406
9789501299175
9789501531893
9789873952890
9789502417172
9789502813226
9789502814056
9789504930594
9789504967026
9789504974314
9789504975496
9789504976332
9789506209391
9789871997404
9789873688171
9789874132017
9789874132383
9789874132567
9789874132574
9789874812872
9789874924278
9789875662834
9789876700245
9789877352504
9789877362268
9789877381856
9789877387636
9789877387926
9789877390261
9789877800708
9789877392623
9789878454108
9789996715544
9789996725609
9789998900141
9871138636
9789878200484
9788418620706
9789874924667
2180400181870
2180400203800
9789874880468
9789877255300
7754111649636
7799133007231
9190025014487
9780062464347
9780063030930
9780141395203
9780142401095
9780142424179
9788466342186
9780316010665
9780316023757
9780385543781
9780385730587
9788418174728
9788430600939
9780399559440
9780451487742
9780525435655
9780545044257
9780545349277
9780545790352
9780545791427
9789878940762
9780593098240
9780593133576
9780593133583
9780593233016
9780593311806
9780593357286
9780593375228
9780593425640
9780593527146
9780593527207
9780593598641
9788499087122
9781250244451
9781331423577
123456789012
9781338187816
9781338214512
9781338269048
7754111649285
9781338329865
9781338347210
9781338715996
9781416936473
9781481411318
9781524711849
9781557663214
9781590177174
32281201326
9781611800616
9781611809497
493260120081
493260120074
493260120067
98755221859153
9781878424716
726798275535
726798275559
9788412071849
9789506447670
9788493976972
9789500207935
9789500210508
9789500212359
9789500298681
9781250899712
9788408140610
9789871849369
9789873994180
9789875798199
9789877383898
9789877386745
9789877387964
9789974801141
9781339020617
9789878222240
9780194249133
9781338187793
9780142403877
9789877479300
9780307980793
9780316381307
9789871849277
9780375860959
9780439680516
9780439693820
9780439893619
9780448435213
9780516261676
9780516262772
9780545538107
9780545685344
9780545685399
9780545685436
9780545851886
9780545856317
9780593223734
9781338121186
9781338189636
9781338269017
9781338271515
9781338330557
9781338339345
9781338504927
9781338800296
9781338800395
9781984831163
9783791370996
9788408225294
9788448854133
9788494171406
9788494646041
9788494646072
9788498453072
9788498454338
9789500208208
9789500209885
9789500212854
9789500299992
9789501124705
9789502413310
9789502414997
9789502416335
9789502417127
9788408237716
9789871409822
9789871713141
9789873820793
9789873994029
9789875799509
9789877385410
9789877387384
9789877388114
9789877515343
9789877971231
9789877972665
9789877974577
9781426219085
9789877977936
9789877978698
9789877978728
9789878120430
9788419283993
9789500772686
9871175434
9788491052371
9789915662886
9789871093373
9789877253825
9788413145419
9781338790924
9789878209319
9789877254488
9789878204680
9789915691008
9789877364774
